timestamp,total_requests,throughput,average_latency
1711129526.3770766,1,12.167807255479323,0.003606081008911133
1711129526.3806958,2,23.29748239901129,0.0021506547927856445
1711129526.404802,3,27.286355859245397,0.0018874009450276692
1711129526.4314008,4,29.29453753046928,0.002215266227722168
1711129526.6430101,5,14.362893957885596,0.0020418167114257812
1711129526.680613,6,15.554026608783149,0.0018353064854939778
1711129526.7495768,7,15.394176769051128,0.0020361627851213726
1711129526.8231828,8,15.142390520987378,0.0019353032112121582
1711129526.8750694,9,15.511753371710627,0.0018407503763834636
1711129527.0441687,10,13.347381967447351,0.0017946720123291015
1711129527.0514047,11,14.53997857640562,0.001715595071965998
1711129527.187881,12,13.43779423413889,0.0018027424812316895
1711129531.327728,52,10.332152680874415,0.0014095122997577374
1711129531.3836908,53,10.415022347276432,0.001404384397110849
1711129531.41866,54,10.539050023356527,0.0013975655591046369
1711129531.4215631,55,10.728131906603423,0.0013937213204123758
1711129531.538717,56,10.679237267174729,0.0013904614107949393
1711129531.5962515,57,10.752125034348737,0.0013928497046755072
1711129531.6919143,58,10.746608917821428,0.0013851379526072535
1711129531.7755728,59,10.765117536978892,0.0013816518298650192
1711129531.9208968,60,10.664739208306875,0.0013744711875915527
1711129532.0132174,61,10.667404475979232,0.0013688783176609726
1711129532.0229056,62,10.823936435980208,0.0013625467977216167
1711129532.0536015,63,10.939900446677534,0.0013553907000829304
1711129532.0937495,64,11.036610145909878,0.0013588480651378632
1711129532.1110218,65,11.175759562276149,0.0013510520641620343
1711129532.1243715,66,11.32170911372752,0.0013432574994636304
1711129536.3234544,109,10.869039217720594,0.0013416294657855952
1711129536.4606314,110,10.82065687091461,0.0013408530842174183
1711129536.491827,111,10.885586361192273,0.0013378912264162355
1711129536.5866606,112,10.882447813601457,0.0013344458171299525
1711129536.6403472,113,10.922640991210796,0.001331761874983796
1711129536.704811,114,10.951063482734355,0.0013293299758643435
1711129536.7214758,115,11.029471714911782,0.0013251014377759851
1711129536.7939835,116,11.048544020466656,0.0013232436673394565
1711129536.869722,117,11.063977906384498,0.0013215562217255943
1711129537.2724712,118,10.749183078771871,0.001331678891586045
1711129541.3124413,153,10.18808237834558,0.0013360790177887561
1711129541.3481603,154,10.230341099897835,0.0013383162486088741
1711129541.3761928,155,10.277623698282968,0.0013366606927687121
1711129541.4993453,156,10.260155942238917,0.0013362245681958322
1711129541.5108654,157,10.318086009030543,0.0013349192916967307
1711129541.5700767,158,10.343557524013729,0.001333322706101816
1711129541.6718493,159,10.340128556379739,0.0013302692077444783
1711129541.7723818,160,10.337579679156823,0.0013276338577270508
1711129541.8726354,161,10.335245603579583,0.0013261729886072764
1711129541.8968518,162,10.383294033146877,0.0013247919671329452
1711129541.9112697,163,10.437739992512972,0.001322873530943701
1711129541.9131556,164,10.500506488731416,0.0013209334233912026
1711129541.9635592,165,10.53055090048621,0.0013183694897275983
1711129542.0195982,166,10.55661779930325,0.001316037522741111
1711129542.0393698,167,10.606872541662353,0.0013135621647634905
1711129542.063604,168,10.654043148202803,0.0013275770913986932
1711129542.1644707,169,10.649300168441773,0.0013270293467143584
1711129542.1965258,170,10.690711312132201,0.0013347345239975873
1711129546.3839033,207,10.30413995101106,0.0013330466505410016
1711129546.4168315,208,10.336959345972428,0.001330416936140794
1711129546.429993,209,10.37986919328359,0.0013292326311175333
1711129546.4544888,210,10.416860281880572,0.0013270673297700428
1711129546.5012684,211,10.442253908006972,0.0013258423285461714
1711129546.5542166,212,10.464303242361064,0.0013247177285968133
1711129546.683854,213,10.446817770148522,0.0013225850924639634
1711129546.7736197,214,10.44986301146587,0.0013208500692777545
1711129546.7837572,215,10.493490530070035,0.0013186310612878134
1711129547.0175278,216,10.423377053462533,0.0013174315293629963
1711129547.164827,217,10.397723386486364,0.0013220837588683802
1711129551.3777966,264,10.525096251536983,0.001299073298772176
1711129551.4409106,265,10.538446066334918,0.0013032247435371832
1711129551.5099611,266,10.5492457376077,0.0013025730176079542
1711129551.8187816,267,10.460789175531842,0.0013020574376824197
1711129552.018962,268,10.418258045794149,0.0013013446508948483
1711129552.1780477,269,10.392860863252563,0.001300711614048614
1711129556.4539351,313,10.378312633002015,0.0012849893051976214
1711129556.569213,314,10.371817818911525,0.0012835340135416407
1711129556.6023448,315,10.393473135006875,0.0012849966684977214
1711129556.641012,316,10.413184634153392,0.0012835581091385853
1711129556.6555297,317,10.441140182677536,0.0012828235746558155
1711129556.6948094,318,10.460546628670828,0.001282088411679058
1711129556.7588816,319,10.471379005264408,0.001281245748824834
1711129556.8799198,320,10.462631046243398,0.0012799739837646485
1711129557.16993,321,10.396751017778001,0.0012852640538200783
1711129557.1770535,322,10.42672136173178,0.0012888375276364154
1711129561.4601674,359,10.208937895149212,0.001280220106119565
1711129561.4839714,360,10.230441916025383,0.001279493835237291
1711129561.5081127,361,10.25183297931644,0.0012784928826413988
1711129561.9339454,362,10.157400561620667,0.0012783510250281233
1711129561.9421673,363,10.183098057712801,0.0012771846834293082
1711129562.1101792,364,10.163253443270385,0.00127999206165691
1711129562.1153584,365,10.189697705047786,0.001282973485450222
1711129562.2310328,366,10.184728369606201,0.0012822600661731157
1711129562.2661517,367,10.202582458862633,0.0012810022369717383
1711129562.288879,368,10.223922158544013,0.0012797570746877918
1711129566.3688776,411,10.256028517138397,0.0012799991598384515
1711129566.4361105,412,10.26375839363066,0.001279445527826698
1711129566.5689087,413,10.254744262241221,0.001278306901021962
1711129566.7127051,414,10.243002631398396,0.001277155922230891
1711129566.7327163,415,10.26266239333864,0.0012759559125785369
1711129566.7803292,416,10.275293219111537,0.0012751571260965788
1711129567.00058,417,10.244263585023399,0.0012741477655278121
1711129567.0934472,418,10.24545451873246,0.001273649731321198
1711129567.1287405,419,10.261097015493258,0.0012771667899266063
1711129567.1621819,420,10.277162235849904,0.0012800818397885278
1711129567.2283168,421,10.284987935363915,0.0012793053923763175
1711129567.2708888,422,10.298706809038615,0.0012784292347623274
1711129571.3809085,466,10.33581362739768,0.0012695380034876483
1711129571.4726393,467,10.336948830867552,0.0012693180517159897
1711129571.5085356,468,10.350858128581706,0.0012689513019007496
1711129571.6041944,469,10.35108101449939,0.001268552056253592
1711129571.6159613,470,10.370447191502912,0.0012680566057245782
1711129571.7373827,471,10.364747501836886,0.0012676589301690428
1711129571.9300141,472,10.342912814944034,0.001267275062658019
1711129571.9543567,473,10.359292638505229,0.0012666266765957402
1711129571.9844651,474,10.374353668039609,0.0012657873741182095
1711129572.0037663,475,10.391850216938241,0.0012653722261127672
1711129572.0065103,476,10.413100947419691,0.0012643041730928822
1711129576.6161993,512,10.17461785111752,0.0012635872699320316
1711129576.8585792,513,10.145621321019357,0.001262992910939118
1711129577.0140321,514,10.13424012892495,0.0012652521467394402
1711129577.0245707,515,10.151843494001954,0.0012649290770002939
1711129577.051926,516,10.166081890705405,0.0012673855751983878
1711129577.0760117,517,10.180949701345513,0.0012664296871458308
1711129581.4847739,562,10.183029231321575,0.0012627118847124094
1711129581.571866,563,10.185072200937125,0.0012623285527339414
1711129581.727592,564,10.174499335075566,0.001262087771233092
1711129581.8420138,565,10.171543556878037,0.001261758804321289
1711129581.8830066,566,10.182028908349656,0.0012617326035516423
1711129581.9939644,567,10.17969917539728,0.0012610530516878429
1711129582.0485702,568,10.187691421078434,0.0012641133556903247
1711129582.1275206,569,10.19116964423948,0.0012664497422417774
1711129582.192993,570,10.197122182639665,0.0012684085912871778
1711129582.221644,571,10.2097782938833,0.0012678219015251734
1711129582.2885149,572,10.215445428458068,0.001267438168292279
1711129586.3863132,598,9.95150836427499,0.0012753348685427255
1711129586.4770072,599,9.953123458373256,0.0012791630421735607
1711129586.4857166,600,9.968295481008834,0.0012787028153737386
1711129586.5303993,601,9.977500559972999,0.0012782552277982335
1711129586.76028,602,9.956104855304256,0.0012776063526191584
1711129586.948649,603,9.94168508519591,0.0012779813105391823
1711129587.12554,604,9.9292078446241,0.0012804368473836127
1711129587.2511337,605,9.92514992339101,0.001282732939917194
1711129591.4437985,645,9.900411740149535,0.0012716781261355378
1711129591.4627807,646,9.912854804498846,0.0012713106055008737
1711129591.578238,647,9.9106406953312,0.0012705182365877366
1711129591.635224,648,9.917301683184094,0.001269836484650035
1711129591.725753,649,9.918865180295734,0.0012692806349697025
1711129592.0301824,650,9.888141062880022,0.001268909527705266
1711129592.1555753,651,9.88449705238392,0.0012709882035965927
1711129592.2771473,652,9.881446213658736,0.001273340608444682
1711129596.2976935,698,9.971029969696472,0.0012748169694042479
1711129596.3952258,699,9.971421354770495,0.0012744963595454444
1711129596.3980932,700,9.98527426736966,0.0012737890652247837
1711129596.5130434,701,9.983170659971686,0.0012731212011927715
1711129596.8100684,702,9.955300835580486,0.001272489881923056
1711129597.0084069,703,9.94152530347936,0.0012730483818868146
1711129597.0917077,704,9.94394799690954,0.001274490559642965
1711129597.1325831,705,9.952325851363726,0.001276057831784512
1711129597.2264953,706,9.953247612817567,0.0012753904710072633
1711129601.325566,752,10.022567636436786,0.0012714124106346294
1711129601.3989868,753,10.02608328792226,0.001270948336577194
1711129601.5927427,754,10.01356423617087,0.0012706274695358478
1711129601.724579,755,10.009323208542254,0.00127056734451395
1711129601.9373002,756,9.994399462870192,0.0012702822054504717
1711129601.97446,757,10.00269661435224,0.0012697474329758194
1711129602.1536627,758,9.992255611815711,0.001271237484068858
1711129602.1814966,759,10.001762239499747,0.0012724594322274954
1711129602.1834497,760,10.01468288941278,0.0012720575458125064
1711129606.3026562,807,10.086522893826174,0.0012736810922918118
1711129606.3182046,808,10.097054878011285,0.0012733484848891155
1711129606.5055401,809,10.085943386269136,0.0012746175523152016
1711129606.6465433,810,10.080687276471078,0.0012741097697505244
1711129606.7440698,811,10.080896169293261,0.0012737881534637563
1711129606.767466,812,10.090391943931326,0.0012735750874862295
1711129606.7751398,813,10.101855387533222,0.0012730294048126332
1711129606.7916641,814,10.112208166692156,0.0012731112777747452
1711129606.8054001,815,10.122900441669701,0.0012727307395701028
1711129606.8156083,816,10.134034998406397,0.0012722754595326442
1711129606.908973,817,10.13470363485143,0.0012717783961768833
1711129607.014238,818,10.133876440526205,0.001271559148662539
1711129607.127153,819,10.132092028674057,0.0012731517190898295
1711129607.2498407,820,10.129088453737644,0.0012747322640767912
1711129607.2734807,821,10.138481296287713,0.0012745520374516477
1711129611.2988946,862,10.140699381125058,0.001273594157048555
1711129611.376244,863,10.143233551687343,0.0012732353298854718
1711129611.4329286,864,10.148227686124958,0.0012749152051077948
1711129611.5718226,865,10.14342492039305,0.0012749655398330247
1711129611.7773657,866,10.130731384707442,0.001274598112833142
1711129612.130351,867,10.100726172530253,0.0012762180799156461
1711129612.2702367,868,10.095916422823958,0.0012775774924985825
1711129612.2810664,869,10.106273836744466,0.0012792964799220323
1711129616.3981955,904,10.032929153130281,0.0012875710968422679
1711129616.4089785,905,10.042822320297011,0.0012871942467452412
1711129616.4353313,906,10.050979770319879,0.0012867061244467763
1711129616.4474816,907,10.06071854537041,0.0012877310781258075
1711129616.6422608,908,10.05009735570912,0.0012874708301695433
1711129616.6437013,909,10.06100402832842,0.0012869556876036726
1711129616.710885,910,10.06458828023569,0.0012867078676328555
1711129616.764464,911,10.069681240897205,0.0012861345000115237
1711129616.8614728,912,10.069941767611583,0.0012861053671753197
1711129617.0240312,913,10.06291985510655,0.001285979416127534
1711129617.10641,914,10.064801018806495,0.0012872281690134262
1711129617.1639721,915,10.06943109042234,0.001289056819644782
1711129617.1851783,916,10.078082765743238,0.0012885384164002265
1711129617.2391508,917,10.083097177042912,0.0012881724629043364
1711129617.256761,918,10.092138932682658,0.0012879231396843405
1711129617.2664785,919,10.10205310676527,0.0012874190773616288
1711129621.3676007,966,10.160647444441969,0.001281250584446372
1711129621.6591332,967,10.140070524968934,0.0012811719446665498
1711129621.7030654,968,10.145879305819994,0.001280764164018237
1711129621.7997203,969,10.14608531923688,0.0012804583499306126
1711129621.9125328,970,10.144570079915718,0.0012799788996116401
1711129621.9526458,971,10.15076932344861,0.0012795021556064594
1711129622.0008764,972,10.156102879022495,0.001279221150119609
1711129622.2763848,973,10.137369954860652,0.0012790531930796044
1711129626.6328382,1005,10.01615206272816,0.0012878726370892121
1711129626.6771245,1006,10.021691908352794,0.0012873911241413822
1711129626.711412,1007,10.02822871231224,0.001286914829227633
1711129626.9708073,1008,10.012327088775109,0.0012869605469325231
1711129627.1164863,1009,10.00777687271691,0.0012882991635763965
1711129627.2382164,1010,10.00561623396396,0.00128806203898817
1711129627.2571142,1011,10.013644967218596,0.0012890995433139517
1711129631.3260212,1043,9.93039247079665,0.0012895334029814883
1711129631.3457897,1044,9.938039764524708,0.0012891039081003475
1711129631.3564322,1045,9.946550162839912,0.0012899693119468871
1711129631.3996415,1046,9.951976623821835,0.0012894939510133937
1711129631.4838874,1047,9.95351329744412,0.0012891745726722928
1711129631.4894433,1048,9.962491065159824,0.0012887668518619683
1711129631.5056,1049,9.970466045902349,0.001288322634192395
1711129631.5419664,1050,9.976523218336697,0.0012878890264601934
1711129631.6208699,1051,9.978543286632888,0.0012874548827660412
1711129631.7963545,1052,9.971425845520342,0.0012873834983477574
1711129631.8187635,1053,9.978783881088273,0.0012869896032871343
1711129632.0193586,1054,9.969311319244357,0.0012868488988568706
1711129636.3618374,1095,9.948495541288613,0.0012914483405683684
1711129636.39497,1096,9.954582328892654,0.0012912654528652665
1711129636.4291635,1097,9.96056807390738,0.0012909544524868292
1711129636.6194336,1098,9.952453840694746,0.0012910285716934064
1711129636.7354505,1099,9.951054011567326,0.0012908033938490336
1711129636.7466555,1100,9.95909675316094,0.0012903584133494984
1711129636.979055,1101,9.947222715264997,0.0012900844473496661
1711129637.165163,1102,9.939547243866576,0.0012910472070240498
1711129637.1787431,1103,9.947344875276345,0.0012906317481752535
1711129637.2823384,1104,9.94707363681455,0.0012919367223546126
1711129641.5764966,1149,9.966899518938819,0.0012913389347033255
1711129641.7944958,1150,9.956745780614332,0.00129116908363674
1711129642.0317187,1151,9.944978118785404,0.0012911275404624376
1711129642.0446823,1152,9.952500365198137,0.0012907654874854619
1711129642.2207892,1153,9.946007858778284,0.0012903513333534843
1711129642.2515242,1154,9.951995439798154,0.001291133502120575
1711129646.407789,1187,9.882370827249812,0.001294766540977266
1711129646.7124665,1188,9.865671859494935,0.0012960321574098735
1711129646.7196815,1189,9.873381139188364,0.0012957626676439137
1711129646.819224,1190,9.873525149105268,0.0012955230825087603
1711129646.9700322,1191,9.869472378031922,0.0012953769850390583
1711129647.0095437,1192,9.874527318174932,0.0012952287325123013
1711129647.015262,1193,9.882340889705501,0.0012965014474489863
1711129647.2643287,1194,9.870262869297473,0.0012973459122368638
1711129651.4108424,1231,9.838875196154113,0.0012950912711099335
1711129651.4290962,1232,9.845428644507823,0.0012948787831640863
1711129651.5352712,1233,9.845069992677045,0.0012961068195921565
1711129651.5602758,1234,9.851084108354444,0.0012970444062540558
1711129651.6573007,1235,9.851438367333886,0.001296874868724993
1711129651.9027712,1236,9.840146775844287,0.001296652559323604
1711129652.025516,1237,9.83849361748716,0.0012963741367250656
1711129652.0893626,1238,9.841449483930187,0.0012962325131565765
1711129656.3579063,1270,9.76449870983897,0.0012966114705003152
1711129656.429602,1271,9.766801676588488,0.0012963095769274431
1711129656.5952911,1272,9.76205619925814,0.001295965797496292
1711129656.6323953,1273,9.766949783723122,0.001295725379698125
1711129656.6704307,1274,9.771770676272427,0.0012953603286383851
1711129656.8856082,1275,9.763326966734192,0.0012952043495926201
1711129656.9410918,1276,9.766834738049667,0.001294862327157143
1711129657.2169034,1277,9.753900783200656,0.0012960327539765098
1711129661.372613,1309,9.690719765650785,0.001295109938992354
1711129661.6424072,1310,9.67879316856596,0.001294975426360851
1711129661.71359,1311,9.681084928207971,0.001294848757059314
1711129661.9299564,1312,9.673016202928846,0.001294829133080273
1711129662.0599213,1313,9.671122124447207,0.0012946858809181323
1711129662.2143326,1314,9.66749364467086,0.001295472207497607
1711129662.2183738,1315,9.674559786119762,0.0012961543558215006
1711129662.292768,1316,9.67662056579734,0.0012959720153576698
1711129666.4943388,1353,9.650539868661896,0.0012985956906743695
1711129666.7995331,1354,9.636692827030469,0.0012983643674075692
1711129666.9494667,1355,9.633529150512398,0.0012980052905768925
1711129666.9655824,1356,9.639533667868385,0.0012977903923102184
1711129666.9792817,1357,9.645703476090613,0.001297534170973011
1711129667.1219995,1358,9.643031886205122,0.001298732013168672
1711129667.1865377,1359,9.645709809455143,0.0012984017925809813
1711129671.36254,1395,9.61620534308015,0.0012973445290732982
1711129671.4876132,1396,9.614808511378143,0.001297238392269714
1711129671.5308006,1397,9.618834089543824,0.0012970525363384185
1711129671.7569442,1398,9.61075520313778,0.0012968855354407315
1711129671.7821252,1399,9.615963944958665,0.0012965717002099714
1711129671.8112226,1400,9.620914991558307,0.0012965542929513113
1711129671.9112248,1401,9.621172856097443,0.0012964060440989241
1711129672.2099488,1402,9.60833186304621,0.0012975483920196664
1711129672.2628672,1403,9.611697272638049,0.0012974322734351509
1711129676.304612,1441,9.60604649480736,0.0012987292036259035
1711129676.4000497,1442,9.606599978099279,0.0012986120999107413
1711129676.4023094,1443,9.613116462359812,0.0012982973850855625
1711129676.4819527,1444,9.614676882840424,0.0012981287330141359
1711129676.5273836,1445,9.618426052258572,0.0012980084930736713
1711129676.5354428,1446,9.624563966945294,0.0012977171076119028
1711129676.541489,1447,9.630833169234702,0.0012974796743333628
1711129676.576116,1448,9.63526797162883,0.0012972053572617842
1711129676.7484002,1449,9.630882385247393,0.0012969799581439517
1711129676.917787,1450,9.626692196142674,0.0012967864398298592
1711129677.2903838,1451,9.609562143668906,0.0012976567881588768
1711129681.459319,1486,9.576939754983899,0.0012968149672927959
1711129681.603427,1487,9.574490968520239,0.001296696922646005
1711129681.758973,1488,9.571344317584476,0.0012965848048528035
1711129682.0740585,1489,9.558404158170255,0.0012974631794352431
1711129682.1344833,1490,9.561112699594927,0.0012971705238291082
1711129682.202014,1491,9.563386025861753,0.0012970485597708975
1711129686.3827214,1533,9.575994543590571,0.0012938156675374826
1711129686.4014275,1534,9.581118989518805,0.0012942524590423862
1711129686.431604,1535,9.585558343982946,0.0012939481082878982
1711129686.6490633,1536,9.578797883336732,0.0012938071352740128
1711129686.7517226,1537,9.578901309930448,0.001293682167882181
1711129686.7567246,1538,9.584833070259945,0.0012934087001765812
1711129686.762792,1539,9.590702372882735,0.0012931617689721378
1711129686.8840258,1540,9.589690194436654,0.0012928769185945586
1711129686.9955816,1541,9.589256604196612,0.0012928288451732558
1711129687.236207,1542,9.581133555525401,0.001293589787415184
1711129687.2821014,1543,9.584612198757505,0.0012942789748977394
1711129691.7370708,1578,9.53807761272171,0.001290786855574343
1711129691.7992673,1579,9.540534270960848,0.0012905549368879476
1711129691.8511758,1580,9.543582172148115,0.0012903610362282282
1711129692.0910642,1581,9.535806020035494,0.0012908826365944405
1711129692.2810202,1582,9.530917980226565,0.0012915154021850277
1711129696.4855123,1626,9.55400532245003,0.0012923256204283693
1711129696.7865682,1627,9.542991678285599,0.001292309295054074
1711129696.7980351,1628,9.548213310543114,0.001293443930529845
1711129696.8337514,1629,9.552075199473553,0.0012933357571296856
1711129696.9224756,1630,9.552969494988313,0.001293261504612086
1711129697.0453036,1631,9.551954673904522,0.0012931411504599304
1711129697.2123535,1632,9.548470573242868,0.001294083016760209
1711129701.3169675,1688,9.644500358507127,0.0012862052397705367
1711129701.324607,1689,9.649789954839473,0.0012860293921950021
1711129701.3569427,1690,9.653721561571864,0.0012860374337822728
1711129701.4271882,1691,9.655559071653418,0.0012859832880977764
1711129701.6062484,1692,9.651399612273554,0.0012857020605822264
1711129701.7825496,1693,9.64740225418873,0.0012854605965972018
1711129702.0546832,1694,9.638154676363394,0.0012853947834253593
1711129706.5645182,1725,9.569001606897526,0.0012871076058650363
1711129706.603325,1726,9.572486005342206,0.001287017470853768
1711129706.9038117,1727,9.562098467797243,0.0012868439177936672
1711129707.0959346,1728,9.557468978262596,0.0012876732205903089
1711129707.140181,1729,9.560659436936183,0.001287551750814108
1711129707.1586215,1730,9.565212592975563,0.001288166900590665
1711129707.1821213,1731,9.569497957127869,0.0012878987363554163
1711129707.2034042,1732,9.573900721529194,0.0012876158773761424
1711129707.2050886,1733,9.579339273601876,0.0012875318664797317
1711129707.23159,1734,9.583462977843986,0.0012872454204361332
1711129707.2907226,1735,9.585857186316192,0.0012870189435887406
1711129711.3026676,1768,9.556357295514596,0.0012821688641250404
1711129711.3546917,1769,9.55907554949029,0.0012820454355415617
1711129711.4124906,1770,9.56149213682042,0.0012819399267940197
1711129711.4945905,1771,9.562653994232269,0.0012818485380632603
1711129711.5598671,1772,9.564680474179427,0.001281645174220238
1711129711.614272,1773,9.56726794468616,0.0012815353632376681
1711129711.6797762,1774,9.569280807975142,0.0012813130521720534
1711129711.6982574,1775,9.573720316159616,0.001281034039779448
1711129711.7419143,1776,9.576860270558027,0.0012810651783470635
1711129711.811153,1777,9.57867736514484,0.0012810203421297003
1711129711.9499824,1778,9.576900937824323,0.001280865197240703
1711129711.9511235,1779,9.58222745419964,0.0012806299498002137
1711129712.1721764,1780,9.576215466506229,0.0012805978903609714
1711129712.199252,1781,9.58019641224255,0.0012803594427521078
1711129712.219874,1782,9.584511987164312,0.0012801292903227971
1711129712.2430933,1783,9.588693011665281,0.0012799921961092775
1711129716.3024518,1823,9.594355821392366,0.0012780990956317443
1711129716.4541636,1824,9.591961022899694,0.0012780793926172088
1711129716.5607224,1825,9.591845645639568,0.0012780846634956255
1711129716.7345774,1826,9.588338727878291,0.0012779862569953107
1711129716.8956769,1827,9.585481000163082,0.0012777996115431345
1711129716.995115,1828,9.58572636648079,0.0012776620800176908
1711129717.1418579,1829,9.583597048918294,0.001278339545540369
1711129721.411289,1870,9.584024386794185,0.001275761752205099
1711129721.666703,1871,9.576613149541107,0.0012756898911607131
1711129721.7377656,1872,9.57824682424191,0.0012764646711512508
1711129721.8100514,1873,9.579821216147073,0.0012763245374330275
1711129721.9647286,1874,9.577358939654179,0.0012762500738512364
1711129721.9737089,1875,9.582027615878479,0.001276030985514323
1711129722.1105623,1876,9.580439060478142,0.0012759328651021538
1711129722.1578166,1877,9.583233285791328,0.0012764343887678663
1711129722.183532,1878,9.587079496436903,0.0012761509329620134
1711129722.2239544,1879,9.590205283605917,0.0012766302361521332
1711129726.5064836,1914,9.559886935679186,0.0012747566278949924
1711129726.6378503,1915,9.558610313678836,0.0012745885873899135
1711129726.7625499,1916,9.557652642075716,0.0012743817739546423
1711129726.8242104,1917,9.55969982259126,0.001274290094788521
1711129726.923666,1918,9.559945222925833,0.0012741919230122014
1711129727.0105681,1919,9.560789045707999,0.0012740740992241443
1711129727.1296258,1920,9.560099415605348,0.0012746043503284454
1711129731.3829186,1956,9.537369321637913,0.0012721596076200833
1711129731.4797697,1957,9.537739473458684,0.0012727882646454435
1711129731.5041409,1958,9.541479701017773,0.0012725472328489963
1711129731.6213052,1959,9.540906419033677,0.0012723636481152194
1711129731.6612072,1960,9.543921004262604,0.0012722044574971102
1711129731.6766636,1961,9.548073078568429,0.0012719594721037901
1711129731.7276998,1962,9.550568613438427,0.001271780842305688
1711129731.7313774,1963,9.555265529047047,0.0012716896000773215
1711129731.793982,1964,9.557220903789224,0.00127146066813265
1711129731.8047163,1965,9.561589749342692,0.0012714316826740295
1711129731.9338279,1966,9.56044874641157,0.0012713390594823921
1711129732.264329,1967,9.549962411893532,0.0012712485910249835
1711129736.3618186,2013,9.58266134884879,0.0012698051530332986
1711129736.514104,2014,9.58047660074209,0.00126979900329802
1711129736.625342,2015,9.580163521318964,0.0012696321785597884
1711129736.6678596,2016,9.582979807739518,0.0012695825998745268
1711129736.6994863,2017,9.586291895586454,0.0012694071825034086
1711129736.99157,2018,9.577748798634113,0.0012692307575252295
1711129737.1898177,2019,9.573488235089542,0.0012699777150638272
1711129737.1945047,2020,9.578018461551068,0.001270841135837064
1711129737.2181947,2021,9.581681583861698,0.0012706039802441794
1711129741.37166,2069,9.619822473987353,0.0012675389510643776
1711129741.418888,2070,9.62235961701405,0.0012675646998456134
1711129741.455961,2071,9.625347886666287,0.0012675665934151466
1711129741.46159,2072,9.629742342599465,0.0012673468663425519
1711129741.5109146,2073,9.632181844589804,0.001267254208805362
1711129741.6457398,2074,9.630795466102748,0.0012670899081253155
1711129741.8928695,2075,9.624394470987271,0.0012668912956513554
1711129742.2528124,2076,9.612985886509032,0.0012676431034801094
1711129746.3548682,2117,9.620111260849761,0.0012689663882969571
1711129746.3822846,2118,9.623451690398802,0.0012689479912531838
1711129746.7675292,2119,9.61117145130346,0.0012688903439545642
1711129747.0075603,2120,9.605249818720164,0.0012688455716618951
1711129747.2376456,2121,9.59977318248848,0.0012694076230536087
1711129751.3820326,2169,9.636270171420408,0.0012698416448287998
1711129751.4027326,2170,9.639824181202044,0.0012697937301776377
1711129751.4080784,2171,9.644037430731599,0.0012696493281465914
1711129751.5970452,2172,9.640389118463302,0.0012696328303651477
1711129751.669862,2173,9.64171229289638,0.001269665830869363
1711129751.8394399,2174,9.638894509558483,0.0012694570923904376
1711129751.8861797,2175,9.641329762409395,0.001269296558423974
1711129751.9172034,2176,9.644436175434885,0.0012692004880484413
1711129752.0682502,2177,9.64241851870794,0.001270293641867964
1711129752.1008623,2178,9.645449736462297,0.001270286526780702
1711129752.1266437,2179,9.648776902908176,0.0012709088914161322
1711129752.2824976,2180,9.646546893504878,0.0012709641675336645
1711129756.3054678,2218,9.64303677770125,0.0012747297639563021
1711129756.3276076,2219,9.646455070079153,0.0012745842196587884
1711129756.4651477,2220,9.645036371577948,0.0012745526459839967
1711129756.472387,2221,9.649074959963878,0.00127436136780747
1711129756.5936975,2222,9.648334490494147,0.001274188609942995
1711129756.683273,2223,9.648924082059953,0.001274112211494257
1711129756.691839,2224,9.652907808717641,0.001274130434441052
1711129756.730392,2225,9.655631699932218,0.0012740002321393303
1711129757.1948135,2226,9.640542898165805,0.0012747312813113643
1711129757.2552478,2227,9.64234864574728,0.001274674689229101
1711129761.3531466,2268,9.648673142165881,0.0012718022815764896
1711129761.4028063,2269,9.650888750659199,0.0012717079937641922
1711129761.4364867,2270,9.653757971343632,0.0012715309201883325
1711129761.4483097,2271,9.657524872817502,0.001271414578302166
1711129761.546986,2272,9.657724726428496,0.0012712551044746184
1711129761.6279998,2273,9.65864950633179,0.0012712393675509183
1711129761.6890101,2274,9.660394148690054,0.0012710963620778859
1711129761.7006989,2275,9.664162685469142,0.0012710133227673206
1711129761.8711808,2276,9.661414055545206,0.0012709168432467014
1711129761.9013543,2277,9.664420873139331,0.001270727363656789
1711129762.0539894,2278,9.662407908893481,0.001271447348322546
1711129762.1213899,2279,9.663884432253074,0.0012713628361339159
1711129762.1755917,2280,9.665903267551034,0.0012711701685922188
1711129762.2216227,2281,9.668256238580947,0.0012710314996929243
1711129766.3408606,2328,9.698143472328523,0.0012707236091705533
1711129766.3506544,2329,9.70191381648296,0.0012715839428572042
1711129766.3881028,2330,9.70456444917457,0.0012714262172387905
1711129766.461156,2331,9.705776332923664,0.0012713321438678495
1711129766.5036862,2332,9.70822087785202,0.0012712033903210281
1711129766.5403993,2333,9.710899714972077,0.001271164882249501
1711129766.55945,2334,9.714291786698105,0.0012709788001288485
1711129766.603655,2335,9.716666101431187,0.0012707976763968293
1711129766.6312928,2336,9.719709510238436,0.0012706049705204898
1711129766.6366434,2337,9.723653906456843,0.0012704160002290972
1711129766.7223527,2338,9.72434795364609,0.001270211181444832
1711129766.7447138,2339,9.727601374768266,0.0012700248855258116
1711129766.7665029,2340,9.730878261286394,0.0012698998818030725
1711129767.0148304,2341,9.724994878634128,0.0012698041124763473
1711129767.2462916,2342,9.719804761611954,0.0012704793659669533
1711129771.3026834,2383,9.72622348413094,0.0012673079042038495
1711129771.3047647,2384,9.730220235009359,0.001267099040466667
1711129771.316509,2385,9.733835255859562,0.0012669193419770374
1711129771.3355641,2386,9.737159448211152,0.0012672365161419314
1711129771.5138237,2387,9.734160225821235,0.0012672151238737519
1711129771.5380826,2388,9.737273427206567,0.0012669948676922412
1711129771.6374846,2389,9.737404428249643,0.0012668293856736156
1711129771.6901476,2390,9.73938942043522,0.001266635910736467
1711129771.721441,2391,9.742222127236417,0.0012664507742658013
1711129771.7436168,2392,9.74541631633629,0.0012662373856955945
1711129771.8222127,2393,9.746369686191617,0.0012660387216927465
1711129771.912724,2394,9.746849610849472,0.0012658450039805425
1711129771.9371,2395,9.749953643267892,0.001265675339668927
1711129771.9793186,2396,9.752347743328345,0.001265498951002831
1711129771.9869053,2397,9.75611680341002,0.0012654451514265165
1711129771.9886398,2398,9.76011842522463,0.0012652479279926163
1711129776.3336115,2432,9.72650873791669,0.0012680454865882272
1711129776.637525,2433,9.718681755335277,0.001267957432594409
1711129776.7340977,2434,9.718925849615855,0.001267840260840285
1711129776.7511256,2435,9.722257734500719,0.0012676926364154541
1711129776.7823408,2436,9.72503966173425,0.0012675101925391087
1711129776.805818,2437,9.728118854755367,0.0012673614550478202
1711129776.8354063,2438,9.73096063590203,0.001267206483047648
1711129777.0035703,2439,9.728422889615885,0.0012670641504579413
1711129777.1184044,2440,9.727957585994352,0.00126688509690957
1711129777.171893,2441,9.72986760225562,0.0012667332453495262
1711129777.1873825,2442,9.733254549124569,0.0012674292612036753
1711129781.3300922,2483,9.735913135180718,0.0012659012575184103
1711129781.3347669,2484,9.739653728132518,0.0012658045487703334
1711129781.3745375,2485,9.742056849026337,0.0012656787511568434
1711129781.440693,2486,9.743448798231094,0.0012657177227692361
1711129781.4530983,2487,9.746893978183511,0.0012656332835836682
1711129781.460926,2488,9.75051380622435,0.001265457876242242
1711129781.6234627,2489,9.748225065350836,0.00126537552508258
1711129781.6467628,2490,9.751250310953766,0.0012652286085259004
1711129781.8173287,2491,9.748656945271904,0.0012651312930284375
1711129781.9533474,2492,9.747381651075889,0.0012649749293564602
1711129781.9578278,2493,9.75112027890256,0.0012649201600847119
1711129781.9604526,2494,9.754931666892237,0.001264744695894414
1711129782.181814,2495,9.750401757748698,0.001264666077608097
1711129782.183953,2496,9.754227112238892,0.0012644932438165713
1711129782.2087493,2497,9.757191243014802,0.001264881218821228
1711129782.220321,2498,9.760655842739846,0.0012652354778720438
1711129786.4082623,2538,9.757285781846756,0.00126575324552279
1711129786.4203923,2539,9.76067316118938,0.0012655778398848088
1711129786.570487,2540,9.758886682087319,0.0012654109263983298
1711129786.6135106,2541,9.761115089023805,0.0012653129206825927
1711129786.7372937,2542,9.760318885005107,0.0012653343889490064
1711129786.8933773,2543,9.758307511348631,0.0012652744611229335
1711129786.98792,2544,9.758604955113858,0.0012651272352386571
1711129787.1585593,2545,9.756054325830164,0.0012650105714329567
1711129787.1702569,2546,9.759449626561128,0.0012648454914857155
1711129787.178696,2547,9.762967748107943,0.0012647048791436808
1711129787.1991785,2548,9.766033834812138,0.0012650559985282095
1711129787.2169304,2549,9.76920175613231,0.0012648735106248583
1711129791.402565,2601,9.811112777055877,0.001262222881823125
1711129791.5730324,2602,9.808573273945454,0.0012620445584261262
1711129791.6813855,2603,9.808336817754897,0.0012618878965784484
1711129792.2278566,2604,9.791944154058468,0.0012625017290657384
1711129796.675063,2649,9.79732261993295,0.0012628387711821254
1711129796.7396488,2650,9.798676317443043,0.0012635415455080428
1711129796.8150835,2651,9.79963920377606,0.0012634883328052522
1711129796.936456,2652,9.798938558915104,0.00126340450384678
1711129801.3899055,2692,9.785712238807942,0.001264601193069526
1711129801.4349382,2693,9.787742933040512,0.001265258803227733
1711129801.546707,2694,9.787402857170953,0.0012651628800118156
1711129801.6111424,2695,9.788742976468328,0.0012650947181545957
1711129801.612586,2696,9.79232366427987,0.001264908370349103
1711129801.6235638,2697,9.795565371901509,0.0012648058768595241
1711129801.651839,2698,9.798191003417218,0.0012646448709418634
1711129801.6691477,2699,9.801206650701415,0.001264465345458306
1711129801.8117936,2700,9.799761937509844,0.0012643281618754069
1711129801.820891,2701,9.803068086759165,0.0012642419236715261
1711129801.8478665,2702,9.80573724791341,0.0012640742175584366
1711129801.9399252,2703,9.80609006603787,0.0012638888180895376
1711129802.1091192,2704,9.803701723826096,0.001264355856285998
1711129802.151696,2705,9.80581221191923,0.0012648839827165586
1711129806.4847217,2732,9.750536515536917,0.0012665552415750036
1711129806.6128616,2733,9.749645149400088,0.0012665445709507674
1711129806.6350942,2734,9.75243659699957,0.0012664275179837163
1711129806.7138696,2735,9.753263868805565,0.001266415942957458
1711129806.7174802,2736,9.756703672888188,0.0012662420321626273
1711129806.7895184,2737,9.75776329039317,0.001266138632888989
1711129806.8080716,2738,9.760682388187751,0.0012659684335166648
1711129806.8325052,2739,9.763396693466849,0.001265844579768381
1711129806.8757286,2740,9.76545731150771,0.0012657294308182096
1711129806.8769512,2741,9.768978995235,0.0012655378214332666
1711129806.9010572,2742,9.771702588976426,0.001265388696755396
1711129807.1206028,2743,9.767625272533765,0.0012658881828205193
1711129807.2018309,2744,9.768360100173735,0.0012662633167411425
1711129807.206714,2745,9.771749802498801,0.0012666341819832668
1711129807.2280066,2746,9.774568989981157,0.0012665267244187568
1711129811.3720381,2780,9.751747500323168,0.0012663897850530611
1711129811.3857849,2781,9.754783712806045,0.0012662601916749714
1711129811.4591875,2782,9.755780008631097,0.0012662013086117403
1711129811.600752,2783,9.754445508805677,0.0012661826469210296
1711129811.6688414,2784,9.755621751581536,0.0012660644006455082
1711129811.9694455,2785,9.748857536937583,0.0012660361277992893
1711129812.0341556,2786,9.750149970122873,0.0012664962653538689
1711129816.3945947,2822,9.727691857718973,0.0012668238558049408
1711129816.4572654,2823,9.72903680135478,0.0012667437542257603
1711129816.627282,2824,9.726782813855221,0.0012667065132778697
1711129816.6800327,2825,9.72845948710037,0.001266537809793928
1711129816.7553527,2826,9.729379642026165,0.0012664057562221302
1711129816.7614913,2827,9.73261647574906,0.0012662567601509215
1711129816.9723663,2828,9.728996492668681,0.0012661963068949958
1711129817.164363,2829,9.726016612885793,0.0012683866722670576
1711129817.2067716,2830,9.728033206893388,0.0012683338495530845
1711129817.2873583,2831,9.72877479786248,0.0012682898227337266
1711129821.3777897,2874,9.739637183346204,0.001267918299367715
1711129821.39257,2875,9.74253647415529,0.001268321825110394
1711129821.561294,2876,9.740358570422949,0.0012682489791732174
1711129821.64139,2877,9.74110123663268,0.0012680996114858786
1711129821.7340405,2878,9.741431031022522,0.0012679597915585792
1711129821.753538,2879,9.744172421787832,0.0012678262797359296
1711129821.7661347,2880,9.747141398332172,0.0012676619821124606
1711129821.8305135,2881,9.748402177710883,0.0012675150944432712
1711129821.8847792,2882,9.74999546940797,0.0012673674814408227
1711129822.1611893,2883,9.744270559827063,0.0012678193665609317
1711129822.2303,2884,9.745370206186836,0.001267777980613973
1711129826.4527352,2922,9.734880343971172,0.001268325971463704

