Time,Throughput,Latency,CPU Usage,Memory Usage
0.0,13.509677936827295,10.807742349461835,32.48402997121934,43.72604495682902
0.01001001001001,18.144930758291146,14.515944606632916,33.33631579080264,45.00447368620397
0.02002002002002,18.902681441291577,15.122145153033264,33.47564371675963,45.21346557513945
0.03003003003003,16.41173512931424,13.129388103451394,33.017632406306205,44.526448609459315
0.04004004004004,16.042905689695186,12.834324551756149,32.94981558738825,44.42472338108237
0.05005005005005,16.318630419278215,13.054904335422577,33.00051320544349,44.50076980816523
0.06006006006006,17.58864360692732,14.07091488554186,33.23403104626221,44.85104656939331
0.07007007007007,16.892782255278632,13.514225804222907,33.10608273680647,44.659124105209706
0.08008008008008,21.05533207814463,16.844265662515706,33.871452463978606,45.807178695967906
0.09009009009009,19.091639913023656,15.273311930418929,33.51038758773074,45.26558138159611
0.1001001001001,24.5675813580307,11.756274657237105,32.48402997121934,43.72604495682902
0.1101101101101101,20.268768119321912,14.36037959564073,33.37405040037158,45.0799394223721
0.1201201201201201,21.259044388655,12.870124688381964,33.55109950211707,45.36434928622955
0.1301301301301301,23.585454202717063,13.228267273396003,33.13078250467379,44.75265480320651
0.1401401401401401,21.05626401961959,12.080525308691483,33.10061971655305,44.72610889463888
0.1501501501501501,23.145861855176292,11.720080368095548,33.18891767809874,44.877143898706116
0.1601601601601601,26.82798140418739,13.893295922023434,33.459968789120346,45.30217103483512
0.1701701701701701,23.83391411768863,13.445637000957138,33.36947331447771,45.18471343496531
0.1801801801801801,24.62877734224547,18.65476107914924,34.17220210760648,46.40690025164232
0.1901901901901901,23.148538745365407,14.737172136397945,33.84838922837443,45.93905560750883
0.2002002002002001,22.60460130843873,19.436896914692802,34.89238447284793,47.52267741254507
0.2102102102102102,28.200707851278786,15.539378444035945,34.13895805211274,46.40989440475944
0.2202202202202202,23.56523649091657,18.646964291967144,34.35789194655549,46.75535320392204
0.2302302302302302,23.114608670242596,18.454086430808303,34.82234141776817,47.46876060156894
0.2402402402402402,26.249743631732258,17.62976326872568,34.393816841260424,46.84235633203815
0.2502502502502503,24.53588173972904,18.47364560312015,34.81436479004821,47.489184719624575
0.2602602602602603,22.4308807246728,21.1643260707077,35.52753151431677,48.574539919634816
0.2702702702702703,24.190223158199604,20.181468466727562,35.01293334967696,47.81782155210516
0.2802802802802803,27.13063898199051,20.629253363179707,35.19478288606184,48.10532397623731
0.2902902902902903,24.045457342855432,17.89116945090759,34.9580713260519,47.7645098487197
0.3003003003003003,26.094804367761043,16.97761534503655,34.89326801644054,47.68105944163621
0.3103103103103103,22.756059411417485,22.26469461340736,35.95717472853779,49.29015208319467
0.3203203203203203,25.225430847309287,19.722389885526024,35.13952225309576,48.07636107008566
0.3303303303303303,23.25053010230748,17.740338817624327,35.09105151418906,48.015775357956834
0.3403403403403403,21.264641036845816,21.25407364083653,35.70159704773721,48.94312479851922
0.3503503503503503,24.56458532434954,20.61611463765674,35.42024403728935,48.53201571220181
0.3603603603603603,25.240044955643526,17.650252055622374,35.066648570666445,48.01191129173328
0.3703703703703703,22.50672463700486,19.91985726833205,35.42325604820015,48.55645923274625
0.3803803803803803,21.427974268756138,20.250873946553135,35.99668072436534,49.425561064086224
0.3903903903903903,23.688608592763572,19.76154570257986,35.46181743525043,48.631539756478034
0.4004004004004003,19.67211436031873,20.11573971017004,35.87067156788003,49.25238469355925
0.4104104104104104,19.940817760749706,17.138290419895842,35.28843318245823,48.38586287187019
0.4204204204204204,19.53868016285672,19.76546034720339,35.773742391163225,49.11991698523447
0.4304304304304304,15.572677428503503,18.0057680462871,35.44147721100176,48.62684721978083
0.4404404404404404,18.177951061605388,17.26587066668877,35.106776360038964,48.12934546356807
0.4504504504504504,20.76050767408514,20.296058863788318,35.74355775269934,49.0882730643452
0.4604604604604604,13.168014897643692,20.362223877751898,35.897337315602215,49.32188906763117
0.4704704704704704,16.755056575898767,17.122954992875712,35.42389582284934,48.61385048347952
0.4804804804804805,16.69874866464987,16.946904272927462,35.25422310550904,48.36062861403472
0.4904904904904905,15.464303317812094,19.49015410429064,35.69809652530223,49.02687677687772
0.5005005005005005,16.35676047014437,14.812144419980735,34.9873138411689,47.96027961716946
0.5105105105105106,15.916380324710635,16.320345038555672,35.06396438831736,48.073959887986014
0.5205205205205206,11.332985162874714,15.13189897670577,35.01676963096181,48.000989290645016
0.5305305305305306,10.8953735636043,12.423133590355256,34.313778523470226,46.94343152709802
0.5405405405405406,13.25387910970277,14.06402071145731,34.818534310653845,47.69659251047684
0.5505505505505506,14.720198168878893,16.716848313725357,35.318587591522636,48.44178997027358
0.5605605605605606,12.15907056807184,10.19524963545226,33.947215918130205,46.37893285958123
0.5705705705705706,15.458838450044421,13.014661132174483,34.630886517940226,47.39771544703657
0.5805805805805806,16.123123773398124,13.593958202057552,34.64410109240499,47.40988452249418
0.5905905905905906,9.928089218247608,13.598781800751762,34.44013081153308,47.09534189609115
0.6006006006006006,8.205234862671661,13.39942331960456,34.62666652006996,47.36561971413224
0.6106106106106106,6.738455404713715,13.129987134217371,34.56755646733552,47.26648705985597
0.6206206206206206,12.340029484506614,10.082932709935793,33.746084351114966,46.022867024671434
0.6306306306306306,10.248144130161961,9.115952112360514,33.68630735852447,45.920843774243245
0.6406406406406406,4.877640690600789,11.554330890339777,34.14005441241166,46.58815992226061
0.6506506506506506,3.7181430620608493,12.474249377701188,34.42914847399886,47.00754998794849
0.6606606606606606,9.020370482332718,7.934203884437413,33.97710104590549,46.31428215352233
0.6706706706706707,6.569960556089956,12.769241144949941,34.60207889836031,47.23560835579948
0.6806806806806807,8.703666240135899,13.112637229333629,34.74184305233598,47.42817276256318
0.6906906906906907,4.6797575547542944,8.073260470416063,33.61974855022114,45.72701142960045
0.7007007007007007,4.339815054239312,6.845403998540719,33.31931686714716,45.2574109180874
0.7107107107107107,6.589232497468923,6.2275446022626095,33.0653251874415,44.85654220902925
0.7207207207207207,7.441523753335241,10.4690974941837,34.11034436116933,46.403267637196286
0.7307307307307307,9.750698332769964,6.977889267931672,33.74010847962136,45.82619525284278
0.7407407407407407,5.198100586096529,5.259808297147051,32.76637108889786,44.34296313993359
0.7507507507507507,5.206758738317767,2.0729377518868217,32.56624748655967,44.019252858335726
0.7607607607607607,11.706210623257027,8.614681492523495,33.55357367899907,45.47582787645464
0.7707707707707707,3.407800274513561,4.682629022699617,33.11474466157457,44.79229098738301
0.7807807807807807,3.87043220002391,7.287416709115828,33.51812003731802,45.371192732276675
0.7907907907907907,8.977786658668851,3.206740740985618,32.788609616607964,44.24990979455064
0.8008008008008007,7.881472170888303,2.297661952370654,32.73578512375981,44.14281255382379
0.8108108108108109,7.332597866763956,5.2682727027108385,33.15837741802325,44.74801091085135
0.8208208208208209,4.5828384798497215,7.0809435857814,33.323386473908236,44.96601925083043
0.8308308308308309,7.8817514368363915,7.0865899069640506,33.75557722565704,45.58400020230911
0.8408408408408409,4.574167996168768,4.144963845390726,32.92539237277547,44.30763383707304
0.8508508508508509,3.222189938144865,5.441730599828842,32.93318629859813,44.287468538976995
0.8608608608608609,7.144060411957831,8.120143667840058,34.13374170066424,46.05569593989103
0.8708708708708709,6.820181541955085,1.24281776020463,32.61270279934297,43.74080072242589
0.8808808808808809,10.153015202198269,4.966791621391649,32.70185323207346,43.84047745049131
0.8908908908908909,9.881113915498084,6.822195551312519,33.64432216091342,45.21943971923453
0.9009009009009008,11.309532812575869,4.9754546996072415,33.44541023437545,44.88565908583478
0.9109109109109108,8.688372738222634,6.046573407953961,33.34644568140184,44.70114919793742
0.9209209209209208,10.324493103913126,5.443207029400671,32.842092121835556,43.90792749627161
0.9309309309309308,10.223409574998858,5.3097883458504525,33.44919858799392,44.781290233369745
0.9409409409409408,11.847751504920875,4.015342962846885,32.84085387147106,43.83089397958638
0.950950950950951,10.626630690716006,2.341811594504469,32.59137516875888,43.418238576809784
0.960960960960961,14.39600199231892,6.180716170953144,33.310889512727506,44.45853927043716
0.970970970970971,12.920674419979587,5.085474217523778,33.24902514434438,44.32626375119188
0.980980980980981,15.18746926899669,8.218639952700816,33.85881176247104,45.20098251355136
0.990990990990991,11.43221070351868,5.234234172335796,33.805085145313804,45.07997577116011
1.001001001001001,15.909792746930979,7.138722613362599,34.0632892638232,45.42643660968113
1.011011011011011,18.244736391830337,6.717391434593383,33.57618940476518,44.65454065368115
1.021021021021021,14.94837371790921,7.975593707822528,33.87117301524396,45.0553973152311
1.031031031031031,14.095579553619375,7.069145649535406,33.846033907912286,44.97572608308693
1.0410410410410411,18.62950743539139,10.446637704598533,34.13744948170713,45.37057233472014
1.0510510510510511,17.09117633716385,7.67367072968241,33.90497124765999,44.97929310553404
1.0610610610610611,20.142825623606463,11.353215135336699,34.58940223995633,45.96312318554022
1.0710710710710711,22.478902649111987,9.654201200849446,34.30879681038082,45.4991747907132
1.0810810810810811,19.01786429870709,10.230486858746698,34.71556876564531,46.06609974828201
1.0910910910910911,17.505579439195344,6.680338355671433,34.01437869643557,44.97092046922625
1.1011011011011012,20.87956235823335,13.279106356811006,34.8262835711187,46.14525431740323
1.1111111111111112,20.78966671577237,12.378309624590402,35.24354390395413,46.72752434008489
1.1211211211211212,19.979096450045333,11.944259962729085,34.62470120282054,45.75557541743705
1.1311311311311312,23.73503961305228,10.717730566709731,34.45449051847013,45.45654306397304
1.1411411411411412,23.135121286291124,16.684084964955684,35.27407546045893,46.64220592971929
1.1511511511511512,22.22636331959661,13.672494681839439,34.97649354084214,46.1521537927416
1.1611611611611612,25.213714870225555,17.244671184221144,35.52222028705957,46.92713370518492
1.1711711711711712,24.280324571797006,18.74317329096408,35.93572705435022,47.50388668835069
1.1811811811811812,22.872911427209843,15.53605561527295,35.28267415185049,46.480937398059005
1.1911911911911912,21.96276101232574,12.772980532543965,34.987303570009956,45.99468319176277
1.2012012012012012,21.689620201165,15.924173373875641,35.589743415518996,46.85535075672072
1.2112112112112112,28.343648773338458,14.667687013366468,35.554655273428395,46.75996712876629
1.2212212212212212,24.95576840315449,15.95652932255162,35.386439773552716,46.46516801732597
1.2312312312312312,25.891589504635082,19.271158357553475,36.057261157845936,47.42923463173656
1.2412412412412412,24.508371843807343,17.90403589400977,35.926565768629295,47.19137138869796
1.2512512512512513,25.129180263382853,18.225906241089316,35.73848841606083,46.867815438462166
1.2612612612612613,27.9290309167915,19.446470508813864,36.266202280479746,47.61836149322552
1.2712712712712713,26.051534595711708,19.49614785592293,36.07242740483307,47.2871245405519
1.2812812812812813,26.12581250636952,19.37462302451964,35.79092129885611,46.82477572435162
1.2912912912912913,28.61317241993316,18.780945316086918,35.600282726086206,46.49924800005199
1.3013013013013013,24.645979482104828,16.73239773998801,35.52621529201792,46.3491314914393
1.3113113113113113,23.122856605822104,21.96918637516252,36.725301719973054,48.109334879049506
1.3213213213213213,24.241189128423052,19.719427986913704,36.0774393675802,47.0997386494668
1.3313313313313313,22.181451309294612,21.73194026423472,36.22404773415956,47.28250633099123
1.3413413413413413,28.23567454774861,17.723618394066335,35.94373253839629,46.825580584767515
1.351351351351351,25.013570412685972,19.123639389950863,36.0313867192926,46.92133468087783
1.361361361361361,25.220648873718208,22.411201666549974,36.51920000017585,47.61808681908179
1.371371371371371,21.65877617736505,20.29880753740435,36.1464949224674,47.02485415427794
1.3813813813813811,21.484649132736614,20.910712028197416,36.13218048206103,46.970033225977694
1.3913913913913911,19.697138547948196,21.39426825429735,36.56108748447704,47.5809029660579
1.4014014014014011,24.050380294360938,17.98626531156404,35.80273043271165,46.41176750568873
1.4114114114114114,19.55242075142245,19.80955559293777,35.49331302860326,45.91696440268651
1.4214214214214214,22.845342488455707,18.56818343342615,35.6691390467524,46.15098092786404
1.4314314314314314,19.898133699851023,15.710431372799931,35.2601805345637,45.50880634074741
1.4414414414414414,18.883923251311778,22.349125121570147,36.34271865677377,47.10489313222274
1.4514514514514514,22.602581235361022,21.03344062047853,35.71920492705603,46.14294884801588
1.4614614614614614,19.68525231523428,20.87382749474974,35.725817684809854,46.127270780182826
1.4714714714714714,20.62918377909904,17.056621307445155,35.03904435317338,45.07261933068667
1.4814814814814814,15.049958177992401,14.75882664111975,34.974801021143946,44.95289736140347
1.4914914914914914,15.16239872027409,16.220695152796925,34.61353950511686,44.38881076353927
1.5015015015015014,15.008719667846979,19.20091291285822,35.381027520958405,45.51903869314848
1.5115115115115114,12.692068158833457,15.74725819742828,34.52070019363673,44.20876081330487
1.5215215215215214,12.995807932098211,18.58721337493452,35.092555856772925,45.04800097148476
1.5315315315315314,17.220942361957476,15.214195780176835,34.516718636117325,44.16697105318516
1.5415415415415414,6.584160365643831,15.54138806482942,34.29599713723459,43.81990899221801
1.5515515515515514,9.211546615085709,16.811009277538822,34.94521680066137,44.77907728259127
1.5615615615615617,13.809048900815565,14.650831355410432,34.37399386991514,43.90892391005959
1.5715715715715717,12.259804529982723,15.714464764022946,34.51247386237834,44.10469003839575
1.5815815815815817,11.78529925713567,13.05453748660954,33.45128221162875,42.5023359532537
1.5915915915915917,11.418630022552886,12.14374439076786,33.43637600414002,42.47081864802322
1.6016016016016017,7.422131808052708,13.020433808379464,33.37230742257536,42.36698697002481
1.6116116116116117,9.950849921451784,9.626407728147532,32.91031410968965,41.66771714808154
1.6216216216216215,9.023420391216154,10.371828277865312,32.92992792643227,41.69232591186939
1.6316316316316315,5.321327515172117,12.945741631779784,33.67037779172303,42.79967473426824
1.6416416416416415,5.628516923590552,6.513122110012448,31.67798163350027,39.80925774112463
1.6516516516516515,8.866522884819735,8.218209448626084,32.124307100252445,40.47844276225608
1.6616616616616615,4.693932187723785,10.34025211595969,32.93272531493754,41.692301946565344
1.6716716716716715,2.3785999773998503,10.28781064910908,32.61079858239589,41.21219330793538
1.6816816816816818,5.501997387519378,11.027498554500358,32.48635761834541,41.029876554049636
1.6916916916916918,7.124689805237595,8.27902141356784,32.3816308054799,40.87870695643013
1.7017017017017018,7.3712408642837595,6.674436670897453,31.60938543991174,39.72784720656609
1.7117117117117118,5.218256757831599,7.6410927178721995,32.03684714574681,40.37814652482561
1.7217217217217218,3.552716115805592,9.041663286427674,31.828751822494798,40.07671856921486
1.7317317317317318,8.294815775699753,4.286744498391758,31.11041763952046,39.01154941530334
1.7417417417417418,7.2463507585064235,4.289962107287645,31.129224832308623,39.053717239483696
1.7517517517517518,4.682473164980489,7.558507571524697,31.686888881461538,39.90580207695278
1.7617617617617618,4.441598665523827,4.800861692466411,30.881943362950697,38.71561008720612
1.7717717717717718,7.631177600631547,0.398264082479743,30.418485999816607,38.03929262234415
1.7817817817817818,0.6607175509860059,3.819614782492984,30.955056778935543,38.864663393626344
1.7917917917917918,8.15430558138998,6.652432610347355,31.21571247054208,39.27781024281427
1.8018018018018016,4.696450876927801,6.379144991961832,31.22337006539383,39.31311029063994
1.811811811811812,6.915879023744917,3.8786249719460493,30.7898711412864,38.68832647996809
1.8218218218218216,4.039945641393661,1.719578201877997,30.44605902801535,38.19972331730389
1.831831831831832,6.641849392783027,6.845285869021866,31.28049609810021,39.48014280362424
1.8418418418418416,7.095335015735324,6.644064384334886,31.050306794305172,39.16526897109003
1.851851851851852,6.725136215756969,4.365427825441894,30.541578387756207,38.4342290163436
1.8618618618618616,8.603460250528235,3.154581484515313,30.46009520893307,38.34569464381397
1.871871871871872,7.356418890450081,6.182034550608391,31.009497843036087,39.20512085628312
1.8818818818818817,10.762518738918775,-0.041769456689564,29.6909101230588,37.264186442714
1.891891891891892,9.056363027763831,5.844713386398216,31.03198608841166,39.31436441511063
1.901901901901902,10.139771077130904,1.8855964324552978,30.359582208135937,38.34593034297218
1.911911911911912,9.105693988024958,6.388786825214484,30.731242044246347,38.94518934865052
1.921921921921922,7.99535275668654,3.3440433405634167,30.16620806596636,38.14099382975914
1.931931931931932,7.693375884576592,5.173473122753932,30.608591507217298,38.84949824717648
1.941941941941942,14.512052558757258,6.827809972295179,30.65616254120533,38.967344389410094
1.951951951951952,13.766227083308724,5.666809402891785,30.552513241759137,38.85990581780191
1.961961961961962,11.46037428819203,7.223138525287949,30.862544272556843,39.37451790428167
1.971971971971972,13.492347694656823,4.257471155568281,30.598169201690574,39.02903430784093
1.981981981981982,12.214365865487961,8.020817562646725,31.189637687831713,39.968811759120996
1.991991991991992,13.721631580171707,9.030962952750567,30.8413946530224,39.50049882565153
2.002002002002002,18.465265021228905,6.693620361635235,31.00636311961097,39.803460174014646
2.012012012012012,13.500770793315029,6.348431938581694,30.78229420184659,39.5243015647046
2.022022022022022,14.480005536372648,8.387938417849961,30.544520113944902,39.22599937239814
2.032032032032032,16.253518484438068,5.949721526291626,30.45570982513398,39.15253407739605
2.042042042042042,16.500434658294957,10.764975187371508,31.676518362849098,41.04486422998464
2.052052052052052,18.080721166539927,11.64582089902888,31.50679191111244,40.85273410826733
2.062062062062062,20.046192753118728,9.263583031989167,31.0505872992217,40.232202962147426
2.072072072072072,17.586561903962266,10.990069314983813,31.39235672328703,40.8099221072659
2.0820820820820822,22.189209893145634,10.860460915238557,31.12591084210239,40.476579581117925
2.092092092092092,20.365847292990317,10.946631451310152,31.37198826819796,40.9132543926118
2.1021021021021022,19.18121165635631,13.601146331564092,32.21354771186873,42.24435475175654
2.112112112112112,22.26416018410516,11.949460294959062,31.270490458595678,40.89970180009566
2.1221221221221223,25.776883761915407,12.64109968124311,31.420740511504842,41.19614983934788
2.1321321321321323,20.903206959245388,14.19275055942708,31.71747687584071,41.7134347737113
2.1421421421421423,21.685342240322694,14.462916926780514,31.73396977863116,41.811428455588754
2.1521521521521523,23.820652279322474,13.571327520300947,31.996092825467798,42.27890693761144
2.1621621621621623,22.72359457279693,14.145725436061014,32.32951293464399,42.85433539131514
2.1721721721721723,23.758125589345358,13.924394123084758,31.849770544737137,42.21098843658906
2.1821821821821823,23.92046930970761,18.03861702799504,32.66906490422488,43.51712809477239
2.1921921921921923,23.357532921155872,17.29830290293372,32.3073083666579,43.0525852506717
2.2022022022022023,24.53819672475278,16.03901912219709,32.06350652836691,42.765829878955245
2.2122122122122123,27.73194958925357,19.157949854065013,32.60490808719094,43.65769585264348
2.2222222222222223,24.783094963702656,21.003132242601097,33.22586258642748,44.66966757998499
2.2322322322322323,24.935686730222564,15.550967535435547,32.30534514340961,43.37016711881415
2.2422422422422423,22.95760461592831,16.029043247543818,32.425311753179244,43.632087154081226
2.2522522522522523,24.688006531209503,19.216879602375617,32.79464323143393,44.268706934809146
2.2622622622622623,30.08606970014465,18.36658520838585,32.5702023059506,44.015277934268546
2.2722722722722724,24.850125284953283,19.02051892003581,32.73826992205412,44.351178331709775
2.2822822822822824,25.928748892717046,17.144185814331244,32.74654844892273,44.44791784582638
2.2922922922922924,26.540485936788002,18.374427582517725,32.6220574504345,44.345981415491984
2.3023023023023024,23.06307802837682,19.774607358179736,32.818758420976366,44.72626632838898
2.3123123123123124,26.425364776391007,22.244908932416173,33.386209646665634,45.66306453818889
2.3223223223223224,22.28310039804792,19.373303537387283,32.82482693276534,44.90695378144172
2.3323323323323324,22.118749843993342,21.619554537562866,32.83432504908657,45.00745977184864
2.3423423423423424,23.218172966279916,17.37118845380967,32.45267852237565,44.52149741539953
2.3523523523523524,21.241261160800452,20.339630344991775,32.753542075318194,45.05950149580717
2.3623623623623624,24.39765395849538,24.103932897760963,33.72941576862772,46.61017441492411
2.3723723723723724,21.05674692448914,18.539167405299214,32.750651877109185,45.22899653446087
2.3823823823823824,21.037134580012278,19.89837781451029,32.93359759014865,45.590440254666284
2.3923923923923924,23.4286395995518,22.832643093733573,33.03134957342782,45.82410188515068
2.4024024024024024,19.58990182002648,17.84909632829599,32.37788694867419,44.93090114305157
2.4124124124124124,19.7585472354668,20.927140514789123,32.98270490425424,45.92503159773524
2.4224224224224224,19.66378339927607,18.293967507990043,32.20832591303917,44.850227526661364
2.4324324324324325,20.041550807236206,16.71802328392789,32.16604000605105,44.87337435515468
2.4424424424424425,21.93851475820729,19.37981121657533,32.35680142736263,45.24585366827572
2.4524524524524525,15.34000538211243,16.768490203400358,31.98259669945517,44.77059533857913
2.4624624624624625,15.977835521965982,20.194735347362823,32.55293939098621,45.71181970766941
2.4724724724724725,16.03487170457025,17.95587091459146,31.929309107810074,44.86169610279973
2.4824824824824825,18.201400910116806,16.052163961704874,31.9170581376397,44.92820283407842
2.4924924924924925,17.144207276355456,19.638073772577094,32.348834883451076,45.660262374916414
2.5025025025025025,10.009894212938125,15.108211337245042,31.635751771423482,44.67449325438657
2.5125125125125125,12.08660093940603,16.360280319561625,31.66020783468102,44.79444396337473
2.5225225225225225,10.873404635032085,16.940412063565347,31.63693306370257,44.84215951080365
2.5325325325325325,9.484910752026694,16.73594143725833,31.70124721928013,45.02056967373128
2.5425425425425425,14.05556235823324,17.306670197710158,32.0456029072185,45.618303640093686
2.5525525525525525,12.342518580917583,13.098294140873998,30.82860029016678,43.87321210715896
2.5625625625625625,12.93547789275626,12.438788637753394,30.942855516020902,44.124169954831984
2.5725725725725725,11.040012321790671,12.870783862899968,30.951030153126208,44.21512042913433
2.5825825825825826,8.653789895793647,14.412349454189556,31.347789184904478,44.88801216477679
2.592592592592593,7.528660852679168,14.919617970236605,31.15251261405222,44.67186662202517
2.6026026026026026,10.979896349219649,7.437982758448653,29.84054556699617,42.7796532738696
2.612612612612613,9.128444838606828,10.91792645337591,30.2229244769673,43.42787891101948
2.6226226226226226,10.405737109376535,6.337868443770106,30.00109939569247,43.16867113970412
2.6326326326326326,9.255664152274925,6.913230453725902,29.747753649613013,42.86100789612359
2.6426426426426426,9.588284357813436,12.771554106778161,30.590829081261738,44.196755338477786
2.6526526526526526,5.121178358316412,10.848310333081416,30.279228615331473,43.79922172585488
2.6626626626626626,4.959847989449163,10.38312467040544,30.39234239753809,44.03744665611392
2.6726726726726726,5.0364897885921245,10.229922234188924,30.048615554019882,43.58905273435607
2.6826826826826826,2.81912302068673,7.228179352503198,29.61535841028942,43.00496093048975
2.6926926926926926,4.898389716564407,6.425375128315447,29.414682423848582,42.768294507036806
2.702702702702702,6.014449827445118,7.982254713152258,30.056165641349907,43.79337723348647
2.7127127127127126,9.764100221097603,7.427867066411007,29.72334038346151,43.35546494191383
2.722722722722722,5.808725883768319,6.9420909977674174,29.966494548634472,43.7799475106436
2.7327327327327327,7.651008245212667,7.004868535994062,29.764021161777883,43.53437321494858
2.7427427427427427,4.715475860732068,7.654079301953308,29.834861046953648,43.69711276343293
2.7527527527527527,3.9561547571108404,3.970352795857115,29.02385975602636,42.53539471798556
2.7627627627627627,7.5557324971830875,4.324108908396582,29.00524592024874,42.56052304775714
2.7727727727727727,4.019731116241675,4.577274123762884,29.03106693031068,42.65053067543495
2.7827827827827827,3.505128210824534,1.774632825920808,28.63576228416283,42.10703952476514
2.7927927927927927,6.501316205955828,4.188677841992188,29.03115159406351,42.74774255647859
2.8028028028028027,7.05242441245736,4.66485729294908,29.25010127884705,43.121903831601024
2.8128128128128127,7.865432515119948,7.468759402123144,29.95395094869618,44.22149811305448
2.8228228228228227,5.653493631709429,4.169083435488852,29.241730133984728,43.19503598288401
2.8328328328328327,7.944250627094318,7.323973363355785,29.596176995482608,43.766591931030916
2.8428428428428427,3.358325891167537,2.6995389347987158,29.072769710523488,43.01935145753824
2.8528528528528527,7.301898717755947,1.6576291971825572,28.950142049268816,42.871234459373156
2.8628628628628627,5.190427610842237,7.2043632869695315,29.629619612514258,43.92419960902067
2.8728728728728727,8.878707757868185,4.38663135526585,28.997701793227698,43.0079673181174
2.8828828828828827,12.468511417845106,2.9322380004499173,28.92194969237756,42.92385163194941
2.8928928928928928,9.1235324574757,4.299469117408564,29.49234137680376,43.806793136428304
2.9029029029029028,10.328420078540416,6.656054324752946,29.613761547514688,44.01409348010698
2.9129129129129128,11.724825793292712,6.438186778656936,29.783936507644732,44.2923178450737
2.9229229229229228,10.17965631607272,4.307571060755031,29.398505020859673,43.73490125289196
2.932932932932933,8.747909604180071,7.0460797257772505,29.84157026386712,44.41797651105974
2.942942942942943,6.849067687791156,0.20714239875137802,29.02079366874617,43.20301499354675
2.952952952952953,9.377665780884737,4.700607090215903,29.76890769324815,44.33909581262579
2.962962962962963,13.051689774212349,4.03546901004104,29.40423857591431,43.80368996725556
2.972972972972973,15.091359441749098,6.025938208986963,30.106523934110367,44.86638675515316
2.982982982982983,11.331026493162295,10.28101720447365,30.79124564984324,45.9003931158443
2.992992992992993,16.240701312425063,6.959047738686772,30.201400556577727,45.02018967450707
3.003003003003003,15.521305922564228,9.239972631876563,30.44866679875198,45.39328029414757
3.013013013013013,16.364507784560864,9.409349290179469,30.73166391154112,45.817582207422454
3.023023023023023,16.34599366760961,9.567716216464722,30.47429941812046,45.42894592397599
3.033033033033033,15.827052073481106,5.289823825715167,30.238287512224023,45.06993326497696
3.043043043043043,19.45112035178247,6.928072038081839,29.91687841984489,44.580411415616986
3.053053053053053,19.07555052905288,8.109029722967652,30.410022446733482,45.310299005546426
3.063063063063063,20.983134104311375,8.804304488538975,31.114244282305908,46.35437757315931
3.073073073073073,17.256419136552545,13.461220602387446,31.51841439757438,46.94594867013804
3.083083083083083,18.433893979721585,7.238135464511936,30.85658297655442,45.93608476543394
3.093093093093093,21.325310319460264,12.958032231192105,31.78934617612199,47.31567864113736
3.103103103103103,20.277769233352736,12.783079092377479,31.68751603186762,47.14094825655254
3.113113113113113,22.26526140461905,11.471014260088833,31.873416523048544,47.3953808501239
3.123123123123123,25.666143745082856,12.14609857693567,31.901277204325716,47.41032339073965
3.133133133133133,19.181887486863165,11.843886411984633,31.83751720879899,47.28540858517864
3.143143143143143,21.693497279081203,18.2307900539555,32.53591597809887,48.30131097533463
3.153153153153153,21.565243317771614,13.861425056466068,32.49927011458027,48.21223221778322
3.163163163163163,23.1220460515142,17.063834205041697,32.882787505568615,48.75099227061437
3.173173173173173,21.795897222152227,13.46767973044857,32.23067137974573,47.73390547765981
3.183183183183183,25.507453113933334,12.962150239890814,32.48062608284291,48.06753923086483
3.193193193193193,21.58433682242957,18.93243686232075,33.04604745198751,48.87199952982309
3.203203203203203,24.768388575371322,16.76842921659906,32.88752264124492,48.5881807172866
3.2132132132132134,29.25789428304877,16.21265365420224,33.28735001586313,49.13954531691193
3.2232232232232234,23.825113501593908,20.56245203454378,33.94734516055819,50.07883304125043
3.2332332332332334,25.44089873632734,14.539475781413334,32.790030656179646,48.289845451492
3.2432432432432434,24.72225250363107,17.304553377372642,33.28705205705833,48.980069917417964
3.253253253253253,24.731738192365352,18.972379283113764,33.29893046130137,48.94030846596173
3.2632632632632634,24.647931496533133,18.028807872307,33.62087812481584,49.36340119455231
3.273273273273273,24.384241778446416,18.336085599411916,33.41296080456415,48.989469777498314
3.2832832832832834,22.57215050258333,20.24406561395491,34.131540001137814,50.003080820545684
3.293293293293293,25.56616427083039,16.60321015873461,33.446527760420445,48.90912805326979
3.3033033033033035,24.82235488939175,20.723592603269264,34.06849929997936,49.77350125776494
3.313313313313313,21.536416586681824,22.873226103273055,34.93067809201581,50.99606388138196
3.3233233233233235,24.598051395781724,18.581896780776468,33.96860187684555,49.48015204447646
3.333333333333333,20.116572647914616,19.819124991111117,34.302695080520365,49.90643315358981
3.3433433433433435,23.065682442943025,18.996379803223295,34.20768897183691,49.68703612293866
3.353353353353353,22.42118899715466,20.408832520655253,34.24668510629433,49.66664652556269
3.3633633633633635,22.280461723571857,18.972174207008763,34.26863460103767,49.61872549019266
3.373373373373373,19.911270261484,19.557677654153526,34.25760270024918,49.51940653304055
3.3833833833833835,20.572122513109576,17.868266922347996,33.96194601130741,48.99126139499967
3.393393393393393,22.9997353544614,20.52182564429036,34.55005688283163,49.78691659093976
3.4034034034034035,23.50719296500332,19.958305083237377,34.450946380454376,49.54992785487078
3.413413413413413,21.44988087905392,17.464881159495132,33.88445388267028,48.6100945145073
3.4234234234234235,20.011796891505004,19.16374393191362,34.48511909474857,49.41926749222456
3.433433433433433,20.06179496834705,15.152060945920427,33.69884238612476,48.14633979054046
3.443443443443444,20.128836683500243,18.75674050573607,34.27883101192729,48.92116580311773
3.4534534534534536,16.425339775154526,17.064915239397358,34.198048915981346,48.70323599731149
3.463463463463464,17.461617494326408,16.26170247890265,34.209867648020406,48.622653267369884
3.4734734734734736,18.91250604499844,15.656632002176467,33.81189748208231,47.92587958876486
3.483483483483484,15.798485885301348,16.15951434174372,33.97100899758307,48.06326836590652
3.4934934934934936,16.317514644536757,16.821066877168256,34.45490842726312,48.68642742954523
3.503503503503504,12.675145900374606,19.118368184541488,34.585667699106324,48.77851407452629
3.5135135135135136,15.990230337942206,16.54571901120365,34.24474795593463,48.16177031346512
3.523523523523524,11.154007433849875,15.291406592539653,34.01757886586709,47.71439181614013
3.5335335335335336,11.445326616385751,17.404191652480858,34.0639036986782,47.67604549717086
3.543543543543544,13.125265872618769,16.548610311720523,34.11322880215414,47.64104370314381
3.5535535535535536,14.10041507682729,12.55617736003323,33.46911671533956,46.56478385454063
3.563563563563564,13.005379794963103,14.821500740993393,33.69634907408481,46.79449277559914
3.5735735735735736,6.369053577243655,13.859738947397634,33.99964319145912,47.137301535971496
3.583583583583584,11.421604946062608,12.463017838429755,33.463399785232376,46.21986701249981
3.5935935935935936,11.059234301694357,12.70866248029356,33.59496772082279,46.30326897372203
3.603603603603604,10.42039276177885,11.271895902473783,32.961166103757876,45.23779318819613
3.6136136136136137,7.395611090653556,13.287986341867564,33.60640973854357,46.09011958200198
3.623623623623624,6.951016562054042,8.067393001743518,32.75263198043189,44.69320648517449
3.6336336336336337,8.240260788488738,8.995969506133363,32.84140764480542,44.70947496416302
3.643643643643644,8.438064889347762,9.553242934840924,33.18524708677757,45.10774990923354
3.6536536536536537,5.3403034029124115,10.018600756253818,33.39922169413529,45.31069824152233
3.663663663663664,6.881910292968004,10.559773799299702,33.23226349351714,44.94177828959876
3.6736736736736737,4.999223416505315,5.196756707366342,32.04612648990466,43.043681765673256
3.683683683683684,9.575194649709623,10.38916775876244,33.00891663491426,44.36862868470018
3.6936936936936937,4.077627744528941,8.089333847567218,32.97573932257955,44.19933857442978
3.703703703703704,4.752347402886837,8.129013618708221,32.89139173853554,43.95306896529602
3.7137137137137137,5.479965499806094,6.513150261966716,32.36799312765394,43.048060757733595
3.723723723723724,4.757071645439117,6.382666727156019,32.31865566342234,42.85404449188325
3.7337337337337337,6.322198796891429,5.638789450823225,32.58774938566773,43.13763771960612
3.743743743743744,6.601839912812765,6.79536326099648,32.65577771229176,43.11965823732825
3.7537537537537538,9.15660026322737,3.546599829011891,32.11745592864533,42.19224178517708
3.763763763763764,6.765638142388738,4.525211733847595,32.43177243609704,42.54393388476201
3.7737737737737738,3.612965004014832,3.990122732997915,32.11604741355648,41.95077779626114
3.783783783783784,5.799716968426429,8.8457296834426,32.98745239917189,43.138593855664
3.793793793793794,7.254167181031611,2.217534043055609,32.00619506471579,41.54775660096152
3.803803803803804,4.554073761083255,3.906320524120843,32.15939126721809,41.6590028141432
3.813813813813814,7.443924799549503,4.4545120337164255,32.321856253494765,41.78461829249452
3.823823823823824,6.4483552484987445,3.890134591335454,32.21714713492436,41.51000152524369
3.833833833833834,7.869612389225292,6.4554281723199285,32.53265944245797,41.86630849055775
3.843843843843844,7.714433718473801,6.4546520855503395,32.61132111179764,41.86799359781048
3.853853853853854,7.374526403227309,6.639818735079389,33.10781238158345,42.49713949940442
3.863863863863864,6.82850108622814,6.283149275595587,32.694424631636956,41.76224531273881
3.873873873873874,6.4610542702757225,4.113051582362984,32.14046440649863,40.817332620201306
3.883883883883884,5.909349575710086,5.019475898363126,32.567740925911906,41.34517669968317
3.893893893893894,8.21143363968877,6.736375081573368,32.859834335683566,41.671208865783285
3.903903903903904,9.54454093291427,2.887796863195634,32.38748685052731,40.85160314913241
3.913913913913914,7.986744381117299,6.584636578397943,32.942412868099005,41.5739914326711
3.923923923923924,9.161009005247728,4.255563405507794,32.78236477685356,41.22506212884665
3.933933933933934,8.754626826520829,5.239248344072186,33.066131154107644,41.54305744232653
3.943943943943944,11.669940601327195,6.40808157723996,33.05946121240024,41.42666000538635
3.953953953953954,11.349465603404541,6.572151107123889,33.01824093065892,41.25975704075476
3.963963963963964,11.717252725108871,5.939082379814068,32.9385298637412,41.03649554228974
3.973973973973974,13.45933208356199,4.620365119346513,32.89105494926511,40.86302295187738
3.983983983983984,11.865535049972696,4.8248947292646225,32.80909416332984,40.63931260997456
3.993993993993994,15.485732745537966,6.083533490715382,33.25124743996092,41.20332010206698
4.004004004004004,15.195280283291606,6.447539313652167,33.51461461090967,41.50075013600692
4.014014014014014,14.999444538635181,6.877833427214977,33.24580366767071,41.0015689030456
4.024024024024024,17.60460597739367,7.68365660819529,33.47870519979258,41.25666570369233
4.034034034034034,16.431552375454366,7.52662913519865,33.42033379075777,41.07661501033364
4.044044044044044,18.994030358568644,8.806801201102633,33.97207937420262,41.81355347078699
4.054054054054054,21.25710843445935,9.788691697156827,33.92820897788551,41.65893249392043
4.064064064064064,14.891486874343983,8.48401490983482,34.01023407387229,41.69506924505958
4.074074074074074,19.8634285425812,10.49678485641456,34.34429017205826,42.11121600687958
4.084084084084084,16.918532166331616,9.320965796671803,34.064311761658026,41.60832256274618
4.094094094094094,21.41419925660462,11.743608134500668,34.74236246520785,42.54453139934082
4.104104104104104,23.660052770316533,11.974600569294678,34.70068570427793,42.40325367738292
4.114114114114114,23.50550217985429,11.07339074887761,34.67572735103444,42.28920318167617
4.124124124124124,20.450853171944573,14.323577932915319,35.165106747437655,42.94885282317489
4.134134134134134,22.14310763643093,13.016320548624218,34.959097777878014,42.56765622178939
4.144144144144144,23.12814357772897,13.73327734592535,35.43925264080639,43.21798333828098
4.1541541541541545,24.362982893243966,17.158166898743602,35.86366364249119,43.78701313996109
4.1641641641641645,27.717059574522537,12.769567370283152,34.70081610349589,41.97751293609987
4.174174174174175,26.90239844900333,16.322595301227675,35.621912182649204,43.29632409021803
4.1841841841841845,22.758062927090705,12.90109364556509,35.08663483729431,42.43300793745568
4.1941941941941945,26.252845128419068,16.753970482438096,35.91875351502845,43.62325429984938
4.2042042042042045,23.72459404076789,19.639217190047496,36.33649269422561,44.19443427547045
4.214214214214215,25.76317650454877,19.340446531915262,36.31216152698329,44.105044681899095
4.2242242242242245,26.502848957838843,16.39572190826388,35.75387956221021,43.21729662062279
4.2342342342342345,25.059720497705683,17.612876385212836,36.06770294191962,43.64030475196857
4.2442442442442445,25.86216232360151,19.066327817141108,36.25077908899874,43.86981930798674
4.254254254254255,25.999636888954814,19.24908399963514,36.47907531178845,44.16981898129946
4.2642642642642645,28.81454653786919,22.675587589430236,37.09632475434535,45.0559298332331
4.2742742742742745,24.401475853524246,22.31045380137504,36.94635467678183,44.793917697839056
4.2842842842842845,26.682321426256262,18.420809115418212,36.18344407265109,43.615224592263615
4.294294294294295,21.197809561964178,22.09356043718115,36.82442952243225,44.5451274820594
4.3043043043043046,23.47778788905124,19.2905001595213,36.35724633875484,43.81554998490711
4.314314314314315,25.81981271846709,20.6901376245318,36.72905846353441,44.34725720301369
4.324324324324325,24.920714864156754,21.50891378483252,36.861330320951055,44.52246349009367
4.334334334334335,24.888069448624066,18.02285456160689,36.59154186018192,44.09740500380776
4.344344344344345,26.867842390075147,21.27866572361698,36.73394107353031,44.29346847213042
4.354354354354355,19.27317488198229,19.946780397480374,36.7533680718021,44.30792729642976
4.364364364364365,22.8196416120375,24.058650827395223,37.26439381484425,45.06264963813789
4.374374374374375,23.40092999408172,20.636981246896823,36.445707878256314,43.82568006053477
4.384384384384385,20.614106099511943,21.36068896808994,36.85713762662233,44.436768281171766
4.394394394394395,20.814861753280947,16.76972848333269,35.84005336135778,42.9079768870822
4.404404404404405,19.41637640363491,19.185893232654085,36.24993755328858,43.52253517795865
4.414414414414415,20.357206327247155,20.08264170621517,36.67054207561487,44.15607501078052
4.424424424424425,18.06839349113995,19.05693304483301,36.49451543682411,43.89757164524179
4.434434434434435,18.088480761136328,21.22193893602676,36.47712295612802,43.87992400384395
4.444444444444445,18.68988558795471,21.267682420239986,36.82907790741476,44.41920138564358
4.454454454454455,16.931848987691858,15.413983022332381,35.41990415002305,42.31968741111672
4.464464464464465,14.0301987404935,16.52192530502065,36.05858735373321,43.29485685923357
4.474474474474475,16.237338984340475,18.74616153647294,36.15139886495175,43.45411146720991
4.484484484484485,14.304103639155493,18.16658518704762,35.62425606760956,42.68632047321514
4.494494494494495,18.44215655879828,17.700972217939864,35.64578784327074,42.74441880878263
4.504504504504505,15.875914213543169,15.579536462918588,35.372619109291584,42.36333390918104
4.514514514514515,13.075504495700056,17.136200188475414,35.5289395148121,42.62933876141865
4.524524524524525,12.960797663862099,14.806915023032158,35.09078841841206,42.00647937562732
4.534534534534535,14.258196243071215,14.379607083152433,35.07654610824581,42.02231162104498
4.544544544544545,10.916530664423263,13.822484026405082,35.16856766431662,42.20035202608499
4.554554554554555,9.509919878336309,13.509514645782714,34.82614114455477,41.72951506498559
4.564564564564565,10.115351671950902,11.36730626789359,34.272828123536904,40.94512397429156
4.574574574574575,8.40980120167119,14.461858247214117,34.658267734204365,41.57161682470079
4.584584584584585,11.064947302293396,9.77070666131808,34.281819309808256,41.058010494111855
4.594594594594595,12.267751567211661,14.48033631108756,35.021113102477095,42.220726756462
4.604604604604605,5.4637059203632345,13.72726855154542,34.527105057553506,41.536174455068156
4.614614614614615,8.934828040058742,9.96126248026966,33.98946810567821,40.78883645343297
4.624624624624625,7.620877790708831,11.07165693508578,33.94508806771131,40.78401350614341
4.634634634634635,5.311766940467907,11.296109049489942,34.15979634945963,41.17042331530792
4.644644644644645,4.695241928966142,8.635712438888776,33.520970432658046,40.279101282196
4.654654654654655,2.9925020723493603,8.224648972629268,33.23740492368189,39.923207096287626
4.664664664664665,9.755609794683037,7.911507791409907,33.32326447398693,40.12395413271831
4.674674674674675,2.7542056090234164,4.948933367932545,32.98368181358608,39.68900652007405
4.684684684684685,4.533553257667234,6.937783667451094,33.445390490446755,40.45842826785268
4.694694694694695,6.564616871487299,9.911719993003588,33.639554202999186,40.828927284366216
4.704704704704705,6.484272978891267,3.742366195093374,32.36100249910731,38.99270894510129
4.714714714714715,5.907275740703768,6.511313416314813,32.97126718355267,39.99203072460208
4.724724724724725,5.3140693032584005,6.553166261241418,32.701225741843494,39.673167353582066
4.734734734734735,4.950463076964764,6.233799634518135,32.247740917200666,39.08137020653052
4.744744744744745,6.06728847116039,5.063149931185759,32.10502003083977,38.95790630497946
4.754754754754755,6.525149913838021,1.684874744169523,31.762134324421957,38.53633735472772
4.764764764764765,3.3735567627897627,7.269352282755715,32.97543600665932,40.45114533998696
4.774774774774775,3.086572428485823,2.49216504984942,31.65743060990317,38.57104108317853
4.784784784784785,8.722638728475795,2.50501347686862,31.95353585174272,39.11410256290822
4.794794794794795,2.174126482619489,3.983967903830043,32.29552550062385,39.72794073861887
4.804804804804805,4.765121238619595,4.580212873462125,32.24890228467748,39.760758940690025
4.814814814814815,7.717810845491254,5.699193670198033,32.1105830464724,39.65788063004169
4.824824824824825,4.132601683335899,6.035082540316141,31.968918719262412,39.55177939058112
4.834834834834835,4.488232926554388,3.7189603804366325,31.86911798190963,39.51021444024937
4.844844844844845,6.58307894326521,5.751956293433218,32.04118344226291,39.8781349353197
4.854854854854855,7.339979636072185,4.693652168658652,32.091755417192466,40.06544567023236
4.864864864864865,9.457920395709387,2.503453547971754,31.47833796077311,39.25834615018777
4.874874874874875,10.434907678940204,3.046532348219286,31.39133182298639,39.24238006003547
4.884884884884885,6.192270561410773,6.1782110645985835,32.39310613250717,40.86104281979
4.894894894894895,9.14011990374292,1.8672611771345071,31.154216048311213,39.120108093860075
4.904904904904905,7.28925565938281,3.880125404699157,31.59554223750026,39.900837040067735
4.914914914914915,12.986090875934346,5.684161705849382,32.10311730255423,40.78221798325295
4.924924924924925,4.820423565541271,3.411240057582714,31.40832274155756,39.86126188876593
4.934934934934935,8.342714743490802,3.820227582034102,31.43790125098576,40.028020850206346
4.944944944944945,19.104335564148688,5.516975179730044,31.78705178054407,40.67523070562864
4.954954954954955,13.107249919379644,4.731457935344262,31.889988479681957,40.95414949162889
4.964964964964965,13.657152533158808,9.39427802278039,32.24298778867733,41.60912811463445
4.974974974974975,12.492542583445996,8.711279730723442,32.386020106552635,41.95005788776961
4.984984984984985,15.127258657767344,4.034258657127065,31.56915158553299,40.851973257842076
4.994994994994995,15.527547477948179,5.779106081501311,32.07424744326245,41.73760680925429
5.005005005005005,19.188913717378014,3.280039528093854,31.696861742027338,41.30022396869204
5.015015015015015,34.768535789947656,9.534379810384026,32.707147661174915,42.94498844985221
5.025025025025025,47.61754947862325,4.732278370057036,31.16841590338143,40.76679989916987
5.035035035035035,49.063516920258614,9.182713591323456,31.7786533982831,41.812571987794
5.045045045045045,34.761276105593645,15.967893070370941,33.71990226992581,44.85530089947404
5.055055055055055,16.280398168705286,10.503692796006888,32.57964721709598,43.276146437930215
5.065065065065065,37.158297123673,11.65054658316011,32.64312917241891,43.50290255251532
5.075075075075075,49.148879030550276,8.096814890906854,32.391316019236186,43.25695345066392
5.085085085085085,49.78710385036521,11.867960229381511,32.83805291176701,44.05899911536501
5.095095095095095,35.635516453378756,13.160629999624,32.87392460805635,44.24484884189061
5.105105105105105,27.010834553693886,17.765322953015016,33.50940521720787,45.33014589600573
5.115115115115115,42.040920601422975,27.493651417984786,36.33630708596892,49.70254088123889
5.125125125125125,50.53893504620411,37.56812754017728,38.66115103091471,53.321747124562435
5.135135135135135,52.903192506488935,38.2055569952355,38.88934580335537,53.79580991114611
5.145145145145145,34.47581710975281,27.172611646647,36.22195811207236,49.926261555822286
5.155155155155155,25.373866666793266,12.471336207306559,32.78630309833242,44.90400715291331
5.165165165165165,41.657701574977324,29.92584112284407,36.58763614076907,50.73686232078426
5.175175175175175,51.62619362046824,38.61319088048392,38.75494169266068,54.1182364948933
5.185185185185185,52.93138030217244,40.103731283016415,38.8349851578652,54.36821077870797
5.195195195195195,38.93126661067989,29.129820775360685,36.19573354665806,50.53866896433606
5.205205205205205,28.542478600214757,20.732705687690533,34.572843240939896,48.233029217049236
5.215215215215215,48.96143161259016,34.59884554828391,37.299504870697,52.451011426502916
5.225225225225225,52.24153769292648,41.05774048602835,38.82526512895931,54.866869965498324
5.235235235235235,52.66833357141576,40.35268340378521,39.22337537793667,55.590416635286545
5.245245245245245,39.239440930504074,25.60001499076794,35.798699057708724,50.57888181445712
5.255255255255255,29.483420432391043,19.89989778107909,34.08888479286728,48.13867415448837
5.265265265265265,45.84294918931667,32.839662111902925,37.04697047487936,52.69928673859135
5.275275275275275,54.28671061112375,41.69765034268075,38.844069605721586,55.51732663215281
5.285285285285285,51.965078044997036,41.68820618325761,39.04847411550059,55.94516914382929
5.295295295295295,33.230152706592094,31.563382083369547,36.43893035016943,52.150871841436796
5.305305305305305,29.25843916583232,23.109646187283595,34.493658608409724,49.35170389122132
5.315315315315315,42.72158946806178,38.66147771822193,38.213287318111526,55.04854735613806
5.325325325325325,53.57023906488909,42.94401868418626,38.781870264819204,56.01742307167294
5.335335335335335,49.16544842621728,41.961900434773945,38.8261071847673,56.19832156812286
5.345345345345345,37.32995617389695,31.98137774838346,36.32299849548548,52.55668519878456
5.355355355355355,30.735536588005633,22.94596075868332,34.49553984806708,49.9269500001753
5.365365365365365,48.72819333019563,39.07621552576447,37.47028736882775,54.4988935858567
5.375375375375375,54.3861309781046,41.634184301706554,38.98990089936001,56.88645003735252
5.385385385385385,48.291568367481034,41.718480294339685,38.530430157610766,56.30363917608307
5.395395395395395,31.13843590419592,26.488196144883688,35.05340530206224,51.192702439419556
5.405405405405405,25.092215260770224,24.13362567288094,34.29127436784661,50.1522590640868
5.415415415415415,44.709442029961046,35.43227282581638,36.73528644097626,53.91913087617025
5.425425425425425,48.47493033462888,44.4429264300836,38.69896791688084,56.96355670699749
5.435435435435435,40.91733700023133,38.931615225700455,37.85840290801203,55.799613032020076
5.445445445445445,30.680552387863077,28.594983140255103,35.65197245630855,52.584822816368046
5.455455455455455,24.341876606406387,24.0150338233954,34.40965161058217,50.81410115715346
5.465465465465465,39.412615341120805,37.14300601300085,37.68860853417317,55.823153970530235
5.475475475475475,42.197502697294325,43.86207067072051,38.7000281538927,57.42871349002223
5.485485485485485,42.429490482034424,38.87592991576182,37.55097357495589,55.791330413160765
5.495495495495495,23.92898359851973,25.69331369313069,34.36904818960501,51.102367087967195
5.505505505505505,26.088283536066363,21.006261742244128,33.22983807699636,49.47516113562711
5.515515515515515,36.76868590029592,37.26548486079829,36.80986913717939,54.92446117358655
5.525525525525525,40.18954278275529,39.63090192497983,37.475736886229384,56.00012152964915
5.535535535535535,36.93744447456516,34.3826461710294,36.060136726721296,53.95114766834405
5.545545545545545,23.180445375087203,24.542926811707982,34.15243354127156,51.161550601142544
5.555555555555555,22.517886745721135,18.66456561111464,32.96200723770139,49.44536522334317
5.565565565565565,36.7986408852716,31.47873193743385,35.708677582947765,53.632287583303196
5.575575575575575,38.51501671948191,32.81481259927101,36.19689103048243,54.428955141147206
5.585585585585585,36.233453289985846,33.94818718578989,36.21625787252757,54.519752513875716
5.595595595595595,12.303816494856004,19.32734685172063,32.79183767585917,49.44223964505086
5.605605605605605,23.32628111043246,19.662493117763272,33.16671701045963,50.061018412943106
5.615615615615615,37.56515297192869,29.607885824221135,35.10895525365772,53.02815135108712
5.625625625625625,40.792653138445935,31.616958028849382,35.71696594252338,53.991233690390864
5.635635635635635,30.193354871685727,29.589751644081698,35.09861314254209,53.11203792482693
5.645645645645645,16.817663922901755,20.153816225918572,32.549322717533144,49.33368072814628
5.655655655655655,15.364854603602048,17.110310994014156,32.4083221773722,49.16498273644824
5.665665665665665,36.38966851144056,29.926694704605282,35.01557124948736,53.11586441555478
5.675675675675675,33.1594410934867,31.089773375705505,35.31322620682426,53.599542562227164
5.685685685685685,31.62075071685657,29.91610893788485,34.87640806176324,52.97868260344437
5.695695695695696,10.370956510697042,9.536777008146924,30.45978564685134,46.385273225033345
5.7057057057057055,17.200455946247317,19.129112202149948,32.470462029602956,49.42995600052793
5.715715715715716,31.6890429075503,30.552954813665703,35.07318793605805,53.35984553228628
5.7257257257257255,34.96685564766524,32.67048476177588,35.65190134744457,54.250838851384586
5.735735735735736,23.51203617770992,26.70731161341567,33.68893384888107,51.326424944687865
5.7457457457457455,6.339058692509072,13.39108548094029,31.216133044719456,47.63436838099706
5.755755755755756,20.58709453776963,13.25464126813992,30.936265247934852,47.228813347380836
5.7657657657657655,31.188082499631733,30.154106279189953,34.79003961970119,53.02081985989988
5.775775775775776,36.058133542068504,26.982944596228204,34.18470643704406,52.12126116556048
5.7857857857857855,24.99228180591009,22.768127668963587,33.89107766130825,51.68635459460419
5.795795795795796,6.084606293005573,6.5477127069502465,29.97384483221986,45.81313840030402
5.8058058058058055,19.02721497451153,13.420969296270794,31.22025131883179,47.68248013320216
5.815815815815816,27.76175720574296,25.142433516416855,33.87562884968876,51.66238143329488
5.8258258258258255,36.22180426749119,28.54855583225381,34.4703713561887,52.54843879113277
5.835835835835836,22.752477106229094,18.393737454862723,32.35691620933182,49.369315398126226
5.8458458458458455,8.126785330535906,4.712458902742762,29.192761023956372,44.61126634720794
5.855855855855856,24.723648092136305,16.00046807411679,31.8067026578782,48.51749712498235
5.865865865865866,34.89057475437036,25.35712236686426,33.75076453039076,51.416054582051274
5.875875875875876,39.93400719375512,27.513939954607885,34.64178294980061,52.73220641603383
5.885885885885886,27.89601949224793,18.996849458656573,32.6033682779252,49.65138290917573
5.895895895895896,10.34172808913722,6.114051001693133,29.12378343807821,44.405994680342495
5.905905905905906,25.63094633115899,17.083928967187457,31.50123352595778,47.943367090525655
5.915915915915916,39.49096858799172,23.774250429911802,33.10565578134891,50.31842518873639
5.925925925925926,42.37366352310715,30.136661889438322,34.660318124029786,52.616091503378385
5.935935935935936,29.616524960358976,18.77918331545466,32.183529460890185,48.86385148962021
5.945945945945946,12.448386872050126,6.973571553658814,29.49483157209339,44.79104134452331
5.955955955955956,27.121190301791607,19.46500019488006,32.54774928749672,49.32797325675646
5.965965965965966,41.35996922593242,27.463659857885713,34.41910341203163,52.08990477895832
5.975975975975976,43.191819816222875,31.20107493145699,35.34910924756743,53.43718659404367
5.985985985985986,31.77590333521095,24.138162946949564,33.13905714727688,50.07178332949118
5.995995995995996,12.933354355240779,8.345400069489736,29.91542856730751,45.18344761682924
6.006006006006006,12.586571371139987,20.13025651669455,32.731456518611104,49.35206075060998
6.016016016016016,16.953980505890748,29.692298297168655,35.285402985553084,53.12504879681542
6.026026026026026,19.176413987739767,32.86429336539949,35.821647222366096,53.86901501730493
6.036036036036036,19.332244433038504,23.470862442649643,33.48289011613232,50.29804639334245
6.046046046046046,18.61694325787712,9.851574046930708,30.3337794740414,45.50915153483781
6.056056056056056,17.319378140803373,19.01421270644508,33.03997171860351,49.50085320083389
6.066066066066066,20.6533659330826,34.67895338040675,35.66705277963325,53.37156961447753
6.076076076076076,21.85802838049633,33.52284548949873,36.013556764789875,53.81914244516641
6.086086086086086,23.43296892631457,25.779998031101997,33.92487486732845,50.61170014586818
6.096096096096096,20.536159785701727,9.174257501567714,30.471337775358208,45.35478154207131
6.106106106106106,22.874322254826012,9.406424715459362,30.41930349848786,45.19796754620275
6.116116116116116,22.326203738821388,13.422167301871538,31.23474427295233,46.34026148916936
6.126126126126126,19.485101291169833,16.36512899102648,31.656457717958148,46.889905828145054
6.136136136136136,22.77620185295212,14.827939586978221,31.69884958399033,46.86855624173438
6.146146146146146,20.197598764569285,15.494909549463518,31.581726794774216,46.605971165069185
6.156156156156156,22.633582097782103,13.820072787729671,31.358198441257613,46.18186325240336
6.166166166166166,26.812896662260467,17.230063579095027,31.98692578640222,47.03427435540637
6.176176176176176,23.966899468803202,16.00255371558894,32.224777807342456,47.29855880701025
6.186186186186186,25.445485297530432,18.6232632855905,32.53135178397948,47.6641642744297
6.196196196196196,21.741538132527122,14.716078044442455,32.01633605199485,46.795675858349874
6.206206206206206,26.339218045164042,18.47093214199289,32.46450312648949,47.37030574760864
6.216216216216216,21.0979579467126,17.562610322303406,32.38258849670325,47.14821138007509
6.226226226226226,21.96024195968388,16.653323334137536,31.879675215726998,46.293072295610784
6.236236236236236,24.97910394837502,18.598172458624312,32.504898894060815,47.12864759441331
6.246246246246246,25.36834050617824,16.117646740451836,32.05145692648353,46.34478974495893
6.256256256256256,23.240976363111876,18.514984647146825,32.52064078611731,46.94349299238999
6.266266266266266,28.31564842418663,20.61668767773769,33.3109558766739,48.0225731038458
6.276276276276276,25.90599351357718,17.255580606077785,32.81010046571845,47.16363573501139
6.286286286286286,27.945663207282752,22.10191623575635,33.1049763294008,47.497092363578616
6.296296296296296,23.63828754741914,16.901678620385745,32.44749799224386,46.40087411502436
6.306306306306306,24.91813477942301,20.368081054161248,33.31699505483145,47.59403521998926
6.316316316316316,28.809651821944357,16.53651181829514,32.377945489245604,46.07335292305313
6.326326326326326,26.09922867049034,17.137202352779383,32.56169154829694,46.23590131199208
6.336336336336336,22.923427403816113,20.692368697465863,33.14249399446348,46.99313262641187
6.346346346346346,20.538560634191757,20.57102334051009,33.24030250515211,47.02503283069894
6.356356356356356,24.51671681071099,16.05886167258874,32.875889641976904,46.36282253285134
6.366366366366366,21.621873108594304,22.812763629766582,33.83621559942043,47.68700407225986
6.376376376376376,24.472027252327607,19.36698870123677,33.42088311425092,46.947043848519236
6.386386386386386,25.52202522541667,23.95185962464222,33.8241276776927,47.43435760428671
6.396396396396396,21.102792231028506,17.749720899242448,33.06080631619445,46.17129356097562
6.406406406406406,19.0457785856297,18.863990196012143,33.32526757152604,46.449437353401244
6.416416416416417,20.8231893837512,22.487793847206866,34.07038491731369,47.4481621190644
6.426426426426427,20.55438027994947,19.49661766708272,33.60203760696384,46.626349734519366
6.436436436436437,19.37869931945496,17.433946212646628,33.0485471161034,45.67654544353866
6.446446446446447,20.517773710443947,15.279874641295557,32.640901316425605,44.94529408242935
6.456456456456457,17.236609534068045,19.389568066032556,33.4036313884082,45.96945541372171
6.466466466466467,17.282373639587775,17.466549555200118,32.90301330695793,45.0985063193324
6.476476476476477,18.07743368108912,20.858045927703163,33.45911216989389,45.81260725809112
6.486486486486487,15.520088898887845,20.855072381050164,33.684586036199896,46.03080798804718
6.496496496496497,17.78904175609934,14.825986038590568,32.90478909394513,44.74120228342501
6.506506506506507,15.596861529520627,16.438284235032746,32.55968162866334,44.10379285243457
6.516516516516517,12.923538110938413,16.80583837087379,32.91994679955127,44.52466646699813
6.526526526526527,13.634579144843917,15.468305889994925,32.90429623239421,44.381952317775045
6.536536536536537,14.897991084408904,15.606215880669867,32.72221029088491,43.98993238700434
6.546546546546547,14.242673358571508,17.137554493424634,32.96603874353184,44.237192414978374
6.556556556556557,11.267363263050772,14.205537098717988,32.39740328026366,43.26622564132831
6.566566566566567,7.388191340375744,14.25051753506233,32.44076627330966,43.21378591300961
6.576576576576577,11.124139737379972,14.315934665048694,32.62216497409082,43.36898894660958
6.586586586586587,7.903907714843312,10.67985577437539,32.187405462158196,42.60060321905069
6.596596596596597,11.857288747401986,15.409405525523123,32.640296458221115,43.16440065477238
6.606606606606607,4.126428018386113,13.137598491361196,32.2731415930951,42.4988949971548
6.616616616616617,8.568370919332773,9.134062988076195,31.8177304366992,41.70182832039756
6.626626626626627,8.378682002967949,9.362116336090217,31.98480258626048,41.83936713060792
6.636636636636637,6.749757863411006,12.32225872704878,32.25362530297889,42.130468789996414
6.646646646646647,6.7497018132889846,12.695202861263404,32.16982331995596,41.893626198402664
6.656656656656657,8.924901983805013,9.888777137184693,31.659603238277416,41.01820435750354
6.666666666666667,3.544455968102858,5.710124455165298,30.9833364368214,39.894814706078556
6.676676676676677,3.998978211947006,7.419992286690439,31.707398452600373,40.87307416156108
6.686686686686687,7.1241651102523695,5.206179509520766,31.15254507925384,39.934169239317605
6.696696696696697,8.417835562059782,7.275802278314773,31.91681392192362,40.97520835701864
6.706706706706707,2.349778619746569,4.3747344888462685,30.532790253448,38.79512059152147
6.716716716716717,5.082678624089003,7.2186065492241855,31.38706536960698,39.97384318487857
6.726726726726727,2.6056953677953,6.752433516836679,31.38978753497492,39.876647936821
6.736736736736737,6.631920117922748,4.593176422763841,31.1279306224008,39.38404413826195
6.746746746746747,6.284994849765582,4.593103024695992,31.16561462945225,39.3422593208389
6.756756756756757,4.60749882771713,6.631872574887037,31.60329074437619,39.90201683133751
6.766766766766767,5.462606433750818,2.494082558571299,30.65172055896563,38.37950462709514
6.776776776776777,6.190372556477391,4.128208511627217,30.77302835818233,38.4679536871718
6.786786786786787,6.577795770334749,5.631969476332368,31.38537891872401,39.29465468758414
6.796796796796797,5.197850769046632,8.31546497579349,31.66094094332559,39.61790313079919
6.806806806806807,5.101197198679511,3.2791426743290844,30.5828588786914,37.91245705134479
6.816816816816817,6.759000810897025,5.107539747356711,31.122958656356097,38.6360956064956
6.826826826826827,6.063036324879585,1.8432226668617169,30.7050480088273,37.92456953057417
6.836836836836837,3.921570570309603,7.321136066345425,31.48280442429929,39.008433047812794
6.846846846846847,7.710736069528531,4.606864918174492,31.45637420024431,38.88794243424527
6.856856856856857,7.650874294788511,3.683781652371043,31.185184322120353,38.40227381799723
6.866866866866867,8.03992839600027,3.4977775571070557,31.379544971179502,38.61692692396001
6.876876876876877,7.7847227469668585,4.6956209302709615,31.550357739927943,38.798287380683774
6.886886886886887,8.465708385910302,6.03774788095865,31.658444798121486,38.88762045382401
6.896896896896897,8.850206501974167,4.892827421349769,31.44140530354576,38.49135564752277
6.906906906906907,11.76875859035,4.6738609447918025,31.46015222235907,38.45089192089949
6.916916916916917,10.08739046821163,5.323261006299323,31.8013059918637,38.89618816895659
6.926926926926927,14.14607103152533,5.867300306467131,31.70947262579836,38.69418036804548
6.936936936936937,8.243004013213291,2.671022264564784,31.351642651245847,38.09537996954024
6.946946946946947,12.261480722048724,6.890521729308256,32.08405576345626,39.134170871174724
6.956956956956957,17.769595520719438,6.02546890850336,32.10850946683155,39.113272368416865
6.966966966966967,14.76707431621083,7.525366961480618,32.215255690411674,39.21808406839498
6.976976976976977,18.263446494792404,5.82729207400546,32.20327925240414,39.14710357819308
6.986986986986987,13.211294945374743,6.728611505923741,32.36316588549807,39.33622853512988
6.996996996996997,18.254598730134358,7.887031648528968,32.46825009189058,39.44547838241666
7.007007007007007,17.03992179444315,10.015433632198384,33.03897244456178,40.25553031500085
7.017017017017017,18.203785686310766,7.264027800420227,32.763594076781175,39.7987910085713
7.027027027027027,14.62708866709489,11.742433915546702,33.54331724627368,40.92707746136932
7.037037037037037,21.34720623223612,5.155615276017454,32.49103438466491,39.30974056473593
7.047047047047047,19.26913166785821,9.329402577497385,33.2626825537788,40.4306967847554
7.057057057057057,19.964101917973707,13.839340846031675,34.30787217213499,41.96437125001617
7.067067067067067,19.87290788578845,13.412075407072086,33.787837240850834,41.15262308929611
7.077077077077077,15.082017514617599,14.044020898589203,34.46237462013215,42.13515434594715
7.087087087087087,23.047820470240428,9.930723946240722,33.56469834153753,40.76179144675522
7.097097097097097,20.680475078998008,14.744359585967718,34.52287327975604,42.17463571088296
7.107107107107107,18.436245471460225,15.228784088217019,34.32997551643722,41.863303897701456
7.117117117117117,21.983792834123612,15.865084024829132,34.57399493886366,42.2097821076932
7.127127127127127,23.371559391424267,10.804867353991037,33.94592873078831,41.25056602240602
7.137137137137137,23.326640467137295,16.840142822543825,35.2106947026528,43.133030904278755
7.147147147147147,20.468778094135168,14.870666804885781,34.85727583934535,42.59064842357182
7.157157157157157,27.00600358952583,17.448120060672164,35.01326996974355,42.81481116876568
7.167167167167167,20.661188167509792,16.97850874395964,35.024233828279314,42.82384874577805
7.177177177177177,25.359588141833036,12.696638275681934,34.17057481293312,41.53836542260439
7.187187187187187,22.209266236035283,18.584862126929128,35.66199668504228,43.77290868745265
7.197197197197197,23.73366329833925,17.6128817011015,35.25295135276211,43.15914693312357
7.207207207207207,23.317422396591255,16.300792261304842,34.86602700873873,42.58095167346764
7.217217217217217,25.05908025414433,17.74431579106063,35.54351353091902,43.60174565529909
7.227227227227227,21.95455546247257,18.41578176247592,35.8233457898963,44.02841783085686
7.237237237237237,26.2563267370841,17.700857569355918,35.83920631805327,44.06147737369583
7.247247247247247,23.969377279803528,16.046253072976924,35.33729793536539,43.32021263029452
7.257257257257257,25.452516207748126,22.005187679929108,36.56230792987973,45.171637404392115
7.267267267267267,29.159040509691536,17.792305628742604,35.41812338967121,43.471563969247754
7.277277277277277,27.973959029819362,21.24983515152639,36.3038829254401,44.8186806665577
7.287287287287287,22.81482153171559,18.947398094231062,35.74591057106417,44.00245277298967
7.297297297297297,22.54847285651004,19.601168262773786,36.04688890824043,44.47688220352571
7.307307307307307,23.495661318911544,18.89365155965498,35.990442205384085,44.417382236853506
7.317317317317317,23.315914814110844,21.001182805320422,36.33016292369888,44.95431729216524
7.327327327327327,25.108103361176223,16.89871400808765,35.77820083333922,44.15588662173298
7.337337337337337,22.692670357995564,23.10082702469365,36.58741745671201,45.401355994818736
7.347347347347347,21.027324296945583,17.75263384856428,36.184536872487335,44.830783923261095
7.357357357357357,21.842207753324068,20.830333135111818,36.474231248346975,45.30114998076748
7.367367367367367,22.568965485691624,24.340140693297457,37.17210162498472,46.38582599967009
7.377377377377377,22.039330084014217,21.751459856161887,36.96990586696343,46.122418018538234
7.387387387387387,19.966103382818048,19.326170841367546,36.03634863079205,44.76395125617786
7.397397397397397,20.97272307401925,19.123955823374583,36.001774920151966,44.75591046689752
7.407407407407407,18.91484923919156,20.137395634924555,36.189674106317185,45.083495994092445
7.4174174174174174,21.502922260124443,17.91500394253163,36.169697741173266,45.10115051323902
7.4274274274274275,17.567437810700458,20.12865322203556,36.51163165986928,45.663517209835
7.437437437437437,20.966237639189668,16.80941820477529,36.07923386349932,45.066196627864954
7.447447447447447,21.06535116043325,15.474629591502891,35.78407605131929,44.67650899303293
7.4574574574574575,17.055025868760744,18.033377385502664,35.94427630771332,44.97159326856753
7.4674674674674675,16.185249025455725,17.727056545940908,36.08758642008501,45.24303815784575
7.477477477477477,15.289250920075741,19.26743550025613,35.99919313862771,45.16858402024969
7.487487487487487,17.876675026307712,14.948687258389239,35.62628601911124,44.66897466194531
7.4974974974974975,11.685261066256281,15.755734454271117,35.8189754743332,45.019334440038186
7.5075075075075075,17.505559497362235,15.611218164943557,35.447496520727675,44.52497390982758
7.517517517517517,13.090135583598993,17.47838354919482,35.92956850647524,45.31242944465725
7.527527527527527,14.009795611228327,15.508861122719848,35.21144792503293,44.30104248422315
7.5375375375375375,14.687524592139166,17.218688014663158,35.84117981156967,45.31283665754773
7.5475475475475475,9.95490019982454,17.896257877772147,35.86348996761029,45.41485614855777
7.557557557557557,7.234687344282875,13.762451905066559,35.12948741625099,44.3837194077913
7.567567567567567,9.903946181613417,12.868887089116951,34.972229058444846,44.21896616596322
7.5775775775775776,10.11497832934932,12.999009374670592,34.80943871109815,44.04713602048181
7.587587587587588,13.775276703308561,15.0958210887168,35.28643524891147,44.83616067779868
7.597597597597598,9.786302186823178,9.674133057118247,34.14855144891928,43.20399225000358
7.607607607607608,9.13364361674086,14.384261793523514,35.21855408081294,44.88473342027258
7.617617617617618,11.182731673340975,10.712455929638105,34.40579834392956,43.74236912847428
7.627627627627628,8.941938767425608,11.291119184518159,34.57329503336192,44.07136735059787
7.637637637637638,8.415665105590076,10.555958405992428,34.695596707479,44.33350838041789
7.647647647647648,5.265106774510326,8.748015132730549,33.82238427649057,43.10326474282706
7.657657657657658,6.480272106610229,4.13733217042774,33.31848561642276,42.4278291453682
7.667667667667668,9.29795286670014,9.067646667999925,33.80484347889904,43.23856637353748
7.677677677677678,9.78282959906928,7.285445930743922,33.83849995443472,43.37099001640229
7.687687687687688,8.041066749374927,10.713016595406453,34.50566999771632,44.45437278522128
7.697697697697698,4.67312900965133,7.956555420267946,33.76566279485192,43.427628595026526
7.707707707707708,5.7665653671998545,7.3688601296710585,33.63840536156688,43.32059799261054
7.717717717717718,5.458157473617686,8.334007669183029,34.00722176127878,43.95821701429929
7.727727727727728,4.693326795418337,7.984191568934013,33.58656141881223,43.41210968713373
7.737737737737738,6.401018915011613,5.529268663394493,33.48045891736115,43.33827775485164
7.747747747747748,6.638619460739163,4.229748697147125,32.89113994233353,42.54000962410391
7.757757757757758,6.279280749028816,4.999461917410067,33.10386373465201,42.94514407474625
7.767767767767768,4.94469802764179,6.663113195803002,33.61056188595365,43.79152848285237
7.777777777777778,1.846072889950297,6.834620737779199,33.68764966390095,43.99373583874884
7.787787787787788,8.837648699951735,6.889122505086505,33.354651864081006,43.58100355476765
7.797797797797798,7.982487839379166,4.794028710118093,32.72198070861411,42.718900342880886
7.807807807807808,7.10517385806249,5.859731366744815,32.90896107617407,43.08636408925215
7.817817817817818,3.52170587551706,6.046997632582566,32.83752563591257,43.06624458442555
7.827827827827828,7.594991706792813,3.225590907867883,32.68151466039751,42.91925327179917
7.837837837837838,5.971754880967195,5.365705374641494,32.97948003972563,43.45316929760592
7.847847847847848,7.71423143550272,7.620499492200983,33.00649737381277,43.580557677889296
7.857857857857858,3.7074650239536897,4.737981390046533,32.92311946860989,43.54219957107878
7.867867867867868,4.48062252160456,4.539544081360674,32.65979343672628,43.233717956870635
7.877877877877878,4.294341084959652,1.5972895043741109,32.07148897990247,42.437520087559996
7.887887887887888,8.934479496792259,8.006758433931092,33.33785724897875,44.4230358052777
7.897897897897898,9.980596727029068,6.584394290094158,33.1608330629673,44.24312089752653
7.907907907907908,11.033020433789936,6.92487107219794,32.97913282204184,44.05580399322253
7.917917917917918,9.066079684189752,1.832791202124922,32.29925545212562,43.12078800574615
7.927927927927928,13.026167576880436,7.967725006520672,33.02664049394158,44.29618729228377
7.937937937937938,10.851538625867684,2.978966653215584,32.70602325701813,43.899060410184546
7.947947947947948,12.01477212709955,5.737884142931592,33.003688649817356,44.428790887067784
7.957957957957958,12.790461584182557,4.328218297071214,32.24367403558725,43.37139152906851
7.967967967967968,9.199891961669241,3.8174134241357063,32.36198989667059,43.63083544130616
7.977977977977978,19.944960526384897,2.8290671881890237,32.30334574409,43.62414491579122
7.987987987987988,15.866965964875721,7.775119942082384,33.13159846692626,44.947063978532334
7.997997997997998,15.268429546683302,8.534671819968517,33.2984870275133,45.27716045486507
8.008008008008009,16.951978003215242,7.098175861739645,33.46601419960833,45.60739859872765
8.018018018018019,17.01743292836306,7.553858950453513,33.07785788936719,45.10325609561574
8.028028028028029,14.123411760886892,11.640054824431193,33.77900446284101,46.23217407477817
8.038038038038039,16.549896638061956,9.567263235355783,33.35166548774196,45.667432242263786
8.048048048048049,20.38745109346963,9.182281930194538,33.53757775421651,46.02159893191502
8.058058058058059,18.302153686521912,9.396756751806535,33.65175921434863,46.26716503388096
8.068068068068069,18.443232201817374,7.641825754499965,32.96265204459207,45.30675860693789
8.078078078078079,19.516441412348836,14.987268940292411,34.90899198529966,48.29844890585889
8.088088088088089,19.401851549119066,13.843676421260858,34.12936723122857,47.20008473464073
8.098098098098099,22.16966964674421,12.818235857231212,33.98908041431532,47.05958743751955
8.108108108108109,24.237984230651037,13.80642700265982,34.267980788570554,47.54669919254097
8.118118118118119,20.507701139604805,13.88306805915963,34.248951878987185,47.58571450051647
8.128128128128129,20.051286716173735,10.779481224945071,33.68536418807206,46.80665925977276
8.138138138138139,22.124057870698792,12.493952168866699,34.0996725965467,47.49318688150518
8.148148148148149,23.605143481854345,16.78454365163607,34.77305877187295,48.56704191621077
8.158158158158159,22.544317134548997,15.077588127161794,34.3570430718648,48.00547792208623
8.168168168168169,18.43655950528159,13.7439346530142,34.35003892300115,48.05608904480665
8.178178178178179,23.918729951940193,15.845225216957225,34.51408465794288,48.36190778543353
8.188188188188189,21.91008582182664,14.63372203602866,34.45939977866857,48.33823940606814
8.198198198198199,24.68812547877149,18.67524380077863,34.93438687359642,49.10766481579644
8.208208208208209,24.58503433968638,19.38815892603392,35.28045050485781,49.682268911168784
8.218218218218219,25.24136773749493,17.060755709626086,34.56003034630601,48.6556902920856
8.228228228228229,24.586576775491615,16.10609343212952,34.441296763935455,48.53016464059813
8.238238238238239,24.54073138443341,17.023721147667683,34.78733696896733,49.1003039580046
8.248248248248249,22.46511056163389,18.15974867559707,35.02432760941705,49.50535545896238
8.258258258258259,25.676115658857587,19.97560736187505,34.79369234224225,49.20743793576128
8.268268268268269,27.11811212005175,14.607000815044993,34.002585726213944,48.0672676029704
8.278278278278279,21.4564585296295,19.86857021649756,34.97456497497486,49.570165731652686
8.288288288288289,23.73514175888987,17.402606536196576,34.56899982388297,49.00517345354347
8.298298298298299,21.48301174663493,20.349290783539068,35.043371785324126,49.75850064721793
8.308308308308309,28.19241804360249,20.47965622052956,34.98780964485293,49.71532918478627
8.318318318318319,28.88974413838195,19.4390066387978,35.071716822937574,49.87975397628057
8.328328328328329,23.15077890185648,18.008439086462523,34.914393744158026,49.680716524508064
8.338338338338339,21.67119736480881,19.016190207598772,34.86889759285775,49.64779455887226
8.348348348348349,25.46968604670971,18.77899853617069,34.45005886210511,49.053226858448376
8.358358358358359,24.82237992336062,19.052432679639356,35.00316048223603,49.91493194372177
8.368368368368369,22.095021442240576,21.235465954362944,35.23089334234527,50.28694135704397
8.378378378378379,21.646012858427547,19.78220873568349,34.15238807525507,48.69794733760174
8.388388388388389,20.57402874145236,19.84795459940159,34.53380200773349,49.29718324356175
8.398398398398399,20.817327193468813,16.83450994215177,34.08207308564318,48.64505443591557
8.408408408408409,26.771075702754832,22.22565697475852,35.27805849894616,50.462846211418096
8.418418418418419,22.47572525305284,23.28490254867016,35.3685667087781,50.62077183794413
8.428428428428429,18.77775703136378,17.66941075378589,34.27561126728522,49.0018532783086
8.438438438438439,20.05494605836909,19.24981180454116,33.96582372001149,48.55604053723716
8.448448448448449,19.3404375943818,20.211918387183452,34.62652380556208,49.56431695358267
8.458458458458459,20.86163317699663,18.463348650901317,34.46979394312338,49.34481092366431
8.468468468468469,17.34086749946265,17.205511830056082,33.93063758252692,48.55003341776773
8.478478478478479,17.420279476734095,17.273231094605332,33.81044933009148,48.38208315966459
8.488488488488489,16.424899184707225,16.26431243282719,33.57577469624323,48.04078623815946
8.498498498498499,14.238244048503146,16.993210728344522,33.58301536037509,48.06075399386417
8.508508508508509,14.154994242697667,20.847902520800794,34.64032590268942,49.65422810582386
8.518518518518519,12.684307266391258,16.9992876353232,33.81323087857886,48.41950619133678
8.528528528528529,12.005669571043644,16.008820496826743,33.09609047243353,47.34814027430876
8.538538538538539,12.13462779126186,15.674258256260082,33.29386119713076,47.64757782153712
8.548548548548549,11.675598276606273,14.764976952109382,33.12555783699824,47.39635464361996
8.558558558558559,10.271482595970198,17.02769288527334,33.36848757639625,47.76044607372017
8.568568568568569,8.464036762626764,14.098731449900722,32.68451622994113,46.73266629822801
8.578578578578579,10.98465237684093,15.594110346084422,32.66269042346976,46.69660161298366
8.588588588588589,12.593554491100768,12.976229572077369,32.44343450597542,46.36290577541606
8.598598598598599,5.722638183329861,12.734265481219019,32.00534367897564,45.69948968230169
8.608608608608609,3.7204373358377643,10.11987779655935,31.95422495160266,45.61508278559081
8.618618618618619,11.155165874234214,10.809857759801783,31.648228444047273,45.14693003026033
8.62862862862863,6.684007756103309,8.97999164181195,31.48810988263584,44.89618557912553
8.63863863863864,5.973433961209555,10.020951300899462,31.476740413666548,44.86717751531295
8.64864864864865,4.091754126908514,8.629395057314888,31.35752599341004,44.67503690851585
8.65865865865866,4.753776680284627,9.390557535912343,31.06481918173093,44.221315486230274
8.66866866866867,9.090926367849875,6.234865231793609,30.69824517035313,43.65547465652054
8.67867867867868,6.510813132848159,9.639216668441597,31.127779044217966,44.282501380001584
8.68868868868869,3.24656988956463,10.344347054851173,31.38999333509855,44.65727947979804
8.6986986986987,5.555073153374199,4.063342960027255,30.093349483296063,42.692526813233236
8.70870870870871,6.056557294065611,3.294208273401587,29.69225968718341,42.06988802491114
8.71871871871872,5.349650241044377,8.524028075512211,31.02669502572714,44.04934670890317
8.72872872872873,3.401899760160823,5.533463765734839,30.172354844331377,42.74447946557049
8.73873873873874,5.9488145644733725,5.387475726786569,30.00985100018746,42.47623224731316
8.74874874874875,7.040423380991565,2.6215161211390248,29.63240292151698,41.88446292484364
8.75875875875876,5.278774925867794,4.425464336315322,29.72306514412107,41.99378256911953
8.76876876876877,6.617974002133397,7.816476274737657,30.489884254883158,43.11629084342289
8.77877877877878,2.6514431087843597,6.433889770645072,29.98524410354958,42.33059379758895
8.78878878878879,7.737487139577927,1.649333509562319,29.35524413498737,41.35587134269943
8.7987987987988,2.4259779559862498,5.691021899620294,29.75034938604539,41.91785222244685
8.80880880880881,4.785628317710938,8.194794924239112,29.81364980432853,41.98120296715046
8.81881881881882,6.051519442253076,3.746420819457394,29.65522564176963,41.7110759597683
8.82882882882883,5.359816737854808,1.533843497476902,29.269120019461482,41.0985682586154
8.83883883883884,5.248930394961089,2.895090682434977,29.7099332130148,41.72561300070419
8.84884884884885,6.7139035704648276,5.47336080182178,29.883651373291258,41.95122245799796
8.85885885885886,8.732234967058787,4.612910158575815,29.533242240645656,41.38988158379543
8.86886886886887,7.609890243124141,5.3020434607140015,29.7534989164482,41.683813644920434
8.87887887887888,7.7986534025366385,1.352713109245033,28.99870982991526,40.51448514677638
8.88888888888889,9.73361886369262,5.768856804138647,29.90895140008109,41.842044801031705
8.8988988988989,13.355039317313288,-0.09480730927785799,28.9079295392921,40.30208575552573
8.90890890890891,7.9262614806010205,3.496085287845938,29.317954487883892,40.87810782090318
8.91891891891892,11.640986564569005,5.434137957635682,29.527425557092812,41.15274455957176
8.92892892892893,7.939728397811022,4.092366783203717,29.377517420546152,40.887792697516936
8.93893893893894,11.20303602137054,4.53365998089511,29.334976681386582,40.78340694957398
8.94894894894895,14.133813625503521,6.258552407243281,29.58277021542971,41.11407250877364
8.95895895895896,16.470480131262594,7.584326849602114,29.932897973363932,41.59782422429189
8.96896896896897,13.093018263367668,5.056671168333282,29.70614383023745,41.21587285038851
8.97897897897898,14.51085303140946,5.859981133393985,29.72106637792642,41.19609120989275
8.98898898898899,13.275246793744394,8.108569687325444,30.05767364766241,41.65852625286994
8.998998998999,16.40423115997809,11.049038049544643,30.70498670406409,42.58674442265392
9.00900900900901,13.488365142820854,6.607644029763903,29.68885935285635,41.0195611925367
9.01901901901902,17.103483676728924,8.732089579726999,30.35458121305477,41.97494564929889
9.02902902902903,16.380690823345024,4.46705559310334,29.65735899532102,40.885742386156174
9.03903903903904,20.2719203044716,6.8730889303183655,30.24135602940916,41.71823076951817
9.04904904904905,20.822040240715477,12.50925297218351,30.76485805029021,42.45987359395693
9.05905905905906,17.042039795534272,13.108856549467777,31.1797735145279,43.03856753276096
9.06906906906907,20.504250672157145,10.433727224674943,30.54468800885201,42.04222472701018
9.07907907907908,21.466342459812246,11.658609774026377,30.791978788844744,42.369444570060885
9.08908908908909,19.607364114329368,10.56662164092447,30.55204821092979,41.96586383224099
9.0990990990991,22.528000713015523,11.940702321438481,31.115309133815288,42.76713473999775
9.10910910910911,20.313679910377918,10.72067228422306,30.56777770964751,41.90231413989837
9.11911911911912,18.985188770651938,12.46658837759008,31.22178187228215,42.8399262086092
9.12912912912913,23.94719236185203,13.704500448902873,31.07885712203828,42.58230610791546
9.13913913913914,26.76432670941143,16.17338184244183,31.78500271831281,43.5984842518635
9.14914914914915,23.271740791360706,17.802629015958875,31.87750865408048,43.69442674707667
9.15915915915916,25.207356738427755,12.34083552106959,31.174528182614296,42.59739416176201
9.16916916916917,24.923313320633067,16.285790319006686,31.80387346636419,43.49913497832779
9.17917917917918,24.43715365693159,17.290397966819707,31.9742208364577,43.712693462321376
9.18918918918919,25.424675228708523,15.157820225485372,31.626559226856298,43.14958229375106
9.1991991991992,22.502591254518556,15.732089256110399,32.15843177369904,43.90614494660224
9.20920920920921,24.680925240574272,16.338152274194183,31.746843863578576,43.24791774217848
9.21921921921922,24.60640473995624,15.201957885047808,31.4988416408536,42.83549759143562
9.22922922922923,23.518575684782355,19.160942751819512,32.40818439611617,44.159550559498975
9.23923923923924,28.33801913972501,24.289993337714524,32.92385940423818,44.8935841050114
9.24924924924925,21.57196113741644,18.75927261461381,32.28007463894518,43.888936134746324
9.25925925925926,24.31003905538329,21.393219269438866,32.63508718169676,44.38301760016536
9.26926926926927,26.957423488157737,19.8462508412778,32.58268199764224,44.2665306450845
9.27927927927928,26.547570061858327,18.997179710212745,32.49382562316169,44.09594912122427
9.28928928928929,22.84653077820996,20.723734700444282,32.67664743192521,44.33349047205315
9.2992992992993,24.921484063718353,18.068094187584187,32.14131985268281,43.49443604475262
9.30930930930931,27.247656601400543,20.28951863619479,32.54451887151703,44.06382182941116
9.31931931931932,21.689635288558982,20.55905094836409,32.534194346204295,44.013593916925316
9.32932932932933,23.94432323984795,18.14320074798171,32.3382608884649,43.685644809285925
9.33933933933934,26.423988588747,22.917150454632417,33.229207095804384,44.98872725481191
9.34934934934935,22.1336294497684,18.882347844458643,31.99062780513266,43.0982526166192
9.35935935935936,22.91460890994572,19.23021338839773,32.50028125224476,43.83087660045731
9.36936936936937,19.553129935459566,21.75060206092393,32.99396004804718,44.54030570824723
9.37937937937938,23.220264132837332,21.143688394856216,32.92620201564202,44.40836348349496
9.38938938938939,17.453680901161665,17.839352566653368,32.25398833521068,43.37053771899956
9.3993993993994,21.42254383167634,19.5306749542942,32.64450183390923,43.92761788267978
9.40940940940941,19.713671933081322,21.323122527065394,33.08189699637551,44.55585012492457
9.41941941941942,16.39004063878548,16.219035007501923,32.07030866354525,43.01145031901823
9.42942942942943,20.65320567183388,20.768154851693982,32.4959290979217,43.62371965186141
9.43943943943944,20.691440176280082,21.90687939485357,32.96359502442447,44.29992517868068
9.44944944944945,21.01726130750849,17.477510437688736,32.18712842875171,43.11081101463134
9.45945945945946,19.639722424314563,17.573389519225863,32.343801137130754,43.32229519910934
9.46946946946947,18.442880526582538,17.11662628181603,31.73946389106615,42.393163303188516
9.47947947947948,13.512800392313773,18.23748654950377,32.42814127437996,43.404460816127646
9.48948948948949,15.097156526126188,13.810050375063804,31.382892744371834,41.81578468869076
9.4994994994995,14.584330084533153,17.40255719180781,32.12835483913323,42.9140966413332
9.50950950950951,18.848474263743284,17.677290836459754,31.830494116105378,42.44835256988936
9.51951951951952,12.990030724862818,12.280488003820773,31.236365698213508,41.53914036326107
9.52952952952953,13.41011440551934,15.510777500277937,32.03785732663364,42.72429598169147
9.53953953953954,12.309652045204524,17.981105747764083,32.06313571180342,42.74607298304105
9.54954954954955,16.58602251613171,16.3937700106657,32.14191272003514,42.84904180310252
9.55955955955956,8.61998452206129,15.379508455997604,31.9081054663008,42.48407989580808
9.56956956956957,9.217387675187924,11.803627262074174,31.70812934115511,42.17081127527613
9.57957957957958,12.270691506660405,11.174943860592304,30.822320333746912,40.82974000262139
9.58958958958959,11.7451621295175,11.182323114195743,31.134915154211264,41.28722037246421
9.5995995995996,7.510716888695593,12.983938131067447,31.062484371567127,41.16810662332339
9.60960960960961,6.694286460126886,14.456655731204556,31.868973543650668,42.36831463668448
9.61961961961962,6.485735256225338,9.810555531725583,30.81478683647988,40.778447370833135
9.62962962962963,8.090862931093326,11.41150198396974,30.91559572650594,40.922007919632684
9.63963963963964,10.309489191973855,8.99592980623834,30.73737305421373,40.64795059893468
9.64964964964965,6.840726003403249,12.833596763450663,31.548334088427758,41.858592549652016
9.65965965965966,8.565720819054034,6.476559945472877,30.108812993101818,39.694428445156674
9.66966966966967,7.525495472698745,6.926280908089605,30.24438081933568,39.89380748711087
9.67967967967968,6.226707498954564,9.308227726724464,30.832032462042992,40.77221384886217
9.68968968968969,11.09614961944092,8.285534299269662,30.762149608102728,40.665211106644136
9.6996996996997,6.0823914083900545,6.10452081722534,30.01080438495715,39.53689772201961
9.70970970970971,5.432683098029139,5.221758075872201,29.888418732626732,39.35289611001572
9.71971971971972,3.2254899279610387,4.011479520780311,29.87828200617454,39.33812905349066
9.72972972972973,5.047078097771893,6.033451431771095,30.20209503508033,39.82513580341498
9.73973973973974,0.6274066217014609,7.992176110964683,30.63916997187689,40.48287186358749
9.74974974974975,-0.18093999568979302,6.002062183461589,30.03094960109574,39.57348796634743
9.75975975975976,5.592826933948638,7.364066237355361,30.37814439446539,40.09803566818848
9.76976976976977,1.9891811213683899,6.19538530367829,30.21732311575735,39.86135327035783
9.77977977977978,4.642516681666126,4.838922372356011,30.009375065551282,39.55475919983729
9.78978978978979,7.522692807900393,11.53750228368271,30.935986246180107,40.95076627108732
9.7997997997998,8.389944541865608,4.291166607259736,30.04576249305828,39.622266397848236
9.80980980980981,6.494708162925185,2.784166896419768,29.958340224567692,39.49869673324915
9.81981981981982,7.0235136062783745,1.604928817672854,29.584913031986382,38.94682957044136
9.82982982982983,-0.019612080103865,4.286753872273785,29.952618412835168,39.50735245880675
9.83983983983984,5.438342099864792,-0.21092935172216598,29.17308809228118,38.347693702688176
9.84984984984985,8.395777677746231,-1.251508345439791,29.05790899658694,38.18521383861263
9.85985985985986,8.77177435924436,3.432418181110422,30.15330933979391,39.83923478277746
9.86986986986987,6.217860091687313,1.827089635721927,29.524792514450798,38.90799068500297
9.87987987987988,6.650486220423994,3.764283640156866,30.04704878354203,39.70349548487102
9.88988988988989,8.846428093869195,5.4529567194278545,30.611301465064038,40.56256220720809
9.8998998998999,10.059126579945307,6.634915926010225,30.805711722122297,40.86741016620806
9.90990990990991,12.463788469610078,6.869928745196642,30.492444527010843,40.41126393087442
9.91991991991992,7.923368627944204,6.745295987659299,30.6251367109521,40.62455541928362
9.92992992992993,11.91933772833126,0.153580798692042,29.36581204171192,38.75029653497817
9.93993993993994,13.561772983754285,5.354619358012811,30.40529049816328,40.32469309908524
9.94994994994995,10.939804022726607,6.122720297200352,30.98520928622151,41.210176394780014
9.95995995995996,14.574761040650223,6.6903837662535395,31.09067669457731,41.38438397171846
9.96996996996997,13.72029636558569,4.8458304879412335,30.657606090614596,40.75116066100522
9.97997997997998,14.17589089539362,5.194806149788419,30.773844786163203,40.94225189515601
9.98998998998999,14.992999166245802,7.177189860897957,31.21446490509534,41.62024003105269
10.0,17.50563593832339,6.711192561968401,31.4744423845206,42.02756287350776
